/*
SQLyog Community Edition- MySQL GUI v6.52
MySQL - 5.5.23 : Database - db_ticketing
*********************************************************************
*/

/*!40101 SET NAMES utf8 */;

/*!40101 SET SQL_MODE=''*/;

/*!40014 SET @OLD_FOREIGN_KEY_CHECKS=@@FOREIGN_KEY_CHECKS, FOREIGN_KEY_CHECKS=0 */;
/*!40101 SET @OLD_SQL_MODE=@@SQL_MODE, SQL_MODE='NO_AUTO_VALUE_ON_ZERO' */;

/*Data for the table `w3sys_batiment` */

insert  into `w3sys_batiment`(`id_batiment`,`adresse`,`commune`,`cp`,`nom`,`cpt`,`code`,`visible`) values (1,'Boulevard de France 7 & 9','Braine l\'Alleud',1420,'Alliance A & C',86,'ALLA',1),(2,'Avenue de Finlande 2','Braine l\'Alleud',1420,'Alliance B',314,'ALLB',1),(3,'Place de Luxembourg 1-4','Braine l\'Alleud',1420,'Alliance D & E',35,'ALLD',1),(4,'Avenue de Finlande 4-6-8','Braine l\'Alleud',1420,'Alliance F & G',49,'ALLF',1),(5,'Avenue de Finlande 5-7-9','Braine l\'Alleud',1420,'Alliance J',23,'ALLJ',1),(6,'Boulevard de l\'Angleterre 2-4','Braine l\'Alleud',1420,'Alliance S',65,'ALLS',1),(7,'Avenue des Arts 44','Bruxelles',1040,'Arts 44',131,'ARTS',1),(8,'Avenue des Arts 58','Bruxelles',1040,'Arts&Lux',7,'ARLU',1),(9,'Rue de Genêve 1-3','Bruxelles',1140,'ASTRID - EVERE',30,'ASEV',1),(10,'Chaussée de Wavre 1789','Bruxelles',1160,'AUDERGHEM',3,'AUDE',1),(11,'Av. Beaulieu 1-3','Bruxelles',1160,'BEAULIEU',5,'BEAU',1),(12,'Bd. De Waterloo 38','Bruxelles',1050,'BOULEVARD DE WATERLOO',2,'BVDW',1),(13,'Bd. de l\'Industrie 14','Bruxelles',1070,'Brussels 1 Office',4,'B1OF',1),(14,'Rue des deux gares 150','Bruxelles',1070,'Brussels 2 Office',1,'B2OF',1),(15,'Rue de Loxum 25','Bruxelles',1000,'CENTRAL PLAZA',2,'CPLA',1),(16,'Rue du Marais 54-56','Bruxelles',1000,'CITEB NEW',2,'CINE',1),(17,'Bd. du Jardin Botanique 19','Bruxelles',1000,'CITY CENTER',1,'CICE',1),(18,'Avenue du Congo 7','Bruxelles',1000,'CONGO 7',1,'CONG',1),(19,'Av . de Cortenbergh 80','Bruxelles',1000,'CORTENBERGH',1,'CORT',1),(20,'Av. de Cortenbergh 60','Bruxelles',1000,'CRYSTAL',1,'CRYS',1),(21,'Rue Joseph Wauters 63','Hannut',4280,'HANNUT',1,'HANN',1),(22,'Guffenslaan 5-7-9','Hasselt',3500,'HASSELT',1,'HASS',1),(23,'Rue du Noyer - Pl.Jamblinne de Meux 221','Bruxelles',1030,'JAMBLINNE DE MEUX',1,'JAME',1),(24,'Rue de la Loi 102','Bruxelles',1040,'LOI 102',1,'LOII',1),(25,'Rue de la Fusée 100','Bruxelles',1130,'Mercure centre',1,'MECE',1),(26,'Rue des Bourgeois 7','Namur',5000,'NAMUR - BOURGEOIS',2,'NABO',1),(27,'Boulevard Simon Bolivar 34','Bruxelles',1000,'NORTH LIGHT',1,'NOLI',1),(28,'Mercuriusstraat 27','Nossegem',1930,'NOSSEGEM - Data Center',1,'NODC',1),(29,'Chaussée de la Hulpe 415','Overijse',3090,'OVERIJSE',2,'OVER',1),(30,'Pl. de l\'Université 16','Louvain-La-Neuve',1348,'PARC -UNIVERSITE L-L-N (LE)',1,'ULLN',1),(31,'Sq. F. Roosevelt 6','Mons',7000,'ROOSEVELT - MONS',2,'ROOM',1),(32,'Rue Royale 52','Bruxelles',1000,'ROYALE 52',1,'RO52',1),(33,'Rue Royale 54','Bruxelles',1000,'ROYALE 54',1,'RO54',1),(34,'Av. Louise 54-60','Bruxelles',1050,'STEPHANIE PLACE I',2,'STPI',1),(35,'Avenue Louise 59-69','Bruxelles',1050,'Stéphanie Square',1,'STSQ',1),(36,'Av. de Tervuren 2','Bruxelles',1040,'TERVUREN 2',1,'TER2',1),(37,'Culliganlaan 1','Diegem',1831,'Twin Square, Madison',1,'SMAD',1),(38,'Culliganlaan 1','Diegem',1831,'Twin Square, Vendôme',1,'SVEN',1),(39,'Rue Ernest Malvoz 649','Waremme',4300,'WAREMME',2,'WARE',1),(40,'Drève de Richelle 161','Waterloo',1410,'Waterloo Office Park, immeuble M',1,'WOPM',1),(41,'Drève de Richelle','Waterloo',1410,'Waterloo Office Park, immeuble N',2,'WOPN',1),(42,'Bd. de la Woluwe 2','Woluwe Saint Pierre',1150,'WOLUWE GATE',1,'WOGA',1),(43,'TEST NE PAS AFFICHER','TEST NE PAS AFFICHER',0,'TEST NE PAS AFFICHER',1,'TEST',0),(44,'1','1',1,'testBatiment',1,'1000',0),(49,'1','1',1,'test3',1,'AAAA',0),(51,'1','1',1,'test2',1,'AAAB',0);

/*Data for the table `w3sys_canal` */

insert  into `w3sys_canal`(`id_canal`,`label`) values (1,'Phone'),(2,'Web');

/*Data for the table `w3sys_categorie_incident` */

insert  into `w3sys_categorie_incident`(`id_categorie_incident`,`label`,`fk_parent`,`fk_priorite`,`visible`) values (1,'Sanitaire',NULL,1,1),(2,'Electricité',NULL,3,1),(3,'Ascenseurs',NULL,2,1),(4,'HVAC',NULL,3,1),(5,'Panne d\'électricité',2,1,1),(6,'Ampoule / néon défectueux',2,2,1),(7,'Fuite eau',1,3,1),(8,'WC bouché',1,3,1),(9,'Ascenseur en panne',3,3,1),(10,'Arrêt',3,2,1),(11,'Radiateur en panne',4,1,1),(12,'Local trop chaud',4,3,1),(13,'Local trop froid',4,2,1),(14,'Sécurité',NULL,3,1),(15,'Divers',NULL,1,1),(16,'Thermostat défectueux',4,1,1),(17,'Climatisation en panne',4,1,1),(18,'Fuite d\'eau au niveau du radiateur',4,1,1),(19,'Autre',4,2,1),(20,'Evier bouché',1,3,1),(21,'Chasse d\'eau défectueuse',1,2,1),(22,'Robinetterie défectueuse',1,3,1),(23,'Mauvaise odeur au niveau des canalisations',1,1,1),(24,'Autre',1,1,1),(25,'Prise défectueuse',2,3,1),(26,'Autre',2,3,1),(27,'Badge défectueux',14,2,1),(28,'Lecteur de badge défectueux',14,2,1),(29,'Problème d\'accès au batiment',14,2,1),(30,'Problème d\'accès au parking',14,3,1),(31,'Caméra défectueuse',14,1,1),(32,'Détecteur d\'incendie défectueux',14,2,1),(33,'Parlophone / visiophone défectueux',14,1,1),(34,'Porte bloquée',14,1,1),(35,'Autre',14,2,1),(36,'Nettoyage',15,2,1),(37,'Déblayage',15,2,1),(38,'Papier WC manquant',15,1,1),(39,'Produit sanitaire manquant',15,3,1),(40,'Autre',15,1,1);

/*Data for the table `w3sys_controleur` */

insert  into `w3sys_controleur`(`id_controleur`,`label`) values (1,'AdminController'),(2,'BatimentController'),(3,'CategorieIncidentController'),(4,'DashboardController'),(5,'EntrepriseController'),(6,'LocataireController'),(7,'TicketController'),(8,'TradController'),(9,'UserController');

/*Data for the table `w3sys_droit` */

insert  into `w3sys_droit`(`id_droit`,`fk_controleur`,`fk_user`,`droits`) values (2,2,1,31),(3,3,1,107),(4,4,1,1),(5,5,1,31),(7,6,1,31),(8,7,1,31),(10,9,1,31),(12,2,14,2047),(13,3,14,2047),(14,4,14,2047),(15,5,14,2047),(17,6,14,2047),(18,7,14,2047),(20,9,14,2047),(22,2,15,2047),(23,3,15,2047),(25,4,15,2047),(26,5,15,2047),(28,6,15,2047),(29,7,15,2047),(31,9,15,2047),(33,2,13,0),(34,3,13,0),(35,4,13,127),(36,5,13,0),(38,6,13,0),(39,7,13,511),(41,9,13,32),(43,2,4,0),(44,3,4,0),(45,4,4,0),(46,5,4,0),(48,6,4,0),(49,7,4,3),(51,9,4,0),(53,2,6,0),(54,3,6,0),(55,4,6,127),(56,5,6,0),(58,6,6,0),(59,7,6,511),(61,9,6,32),(63,2,11,0),(64,3,11,0),(65,4,11,127),(66,5,11,0),(68,6,11,0),(69,7,11,511),(71,9,11,32),(73,2,12,0),(74,3,12,0),(75,4,12,1),(76,5,12,0),(78,6,12,0),(79,7,12,15),(81,9,12,0),(83,2,3,0),(84,3,3,0),(85,4,3,0),(86,5,3,0),(88,6,3,17),(89,7,3,443),(91,9,3,32),(93,2,5,0),(94,3,5,0),(95,4,5,0),(96,5,5,0),(98,6,5,17),(99,7,5,443),(101,9,5,32),(113,2,17,0),(114,3,17,0),(115,4,17,0),(116,5,17,0),(118,6,17,0),(119,7,17,3),(121,9,17,0),(123,2,18,0),(124,3,18,0),(125,4,18,0),(126,5,18,0),(128,6,18,128),(129,7,18,163),(131,9,18,32),(134,2,19,0),(135,3,19,0),(136,4,19,0),(137,5,19,0),(139,6,19,128),(140,7,19,163),(142,9,19,32);

/*Data for the table `w3sys_entreprise` */

insert  into `w3sys_entreprise`(`id_entreprise`,`nom`,`adresse`,`tva`,`commune`,`cp`,`tel`,`visible`) values (1,'Entreprise_defaut','Entreprise_defaut','Entreprise_defaut','Entreprise_defaut',0,'Entreprise_defaut',0),(2,'TEM','1, rue test','1111111111111111','Bruxelles',1000,'02191919',1),(3,'DALKIA','33, bvd de la cambre','0000000000000000','Jette',1090,'01234567',1),(4,'COFELY','247, rue fransman','2222222222222222','Laeken',1020,'98765432',1),(5,'KONE','Rue test, 1','9999999999','Commune test',9999,'02345345345',1);

/*Data for the table `w3sys_fonction` */

insert  into `w3sys_fonction`(`id_fonction`,`label`) values (2,'Admin'),(4,'Locataire'),(3,'Root'),(1,'User');

/*Data for the table `w3sys_historique_ticket` */

insert  into `w3sys_historique_ticket`(`id_historique_ticket`,`date_update`,`fk_ticket`,`fk_statut_ticket`,`fk_user`) values (3,'2014-02-26 19:58:30',264,1,1),(4,'2014-02-27 15:07:50',202,3,4),(5,'2014-02-27 17:51:52',265,1,1),(6,'2014-02-27 17:52:20',266,1,1),(7,'2014-02-28 14:16:58',267,1,1),(8,'2014-02-28 15:07:55',198,1,1),(9,'2014-02-28 15:08:31',198,1,1),(10,'2014-02-28 15:08:41',198,1,1),(11,'2014-03-03 16:43:18',268,1,1),(12,'2014-03-04 13:40:06',205,2,1),(13,'2014-03-04 15:56:20',269,1,1),(14,'2014-03-04 15:56:52',270,1,1),(15,'2014-03-04 19:42:28',271,1,1),(16,'2014-03-04 19:43:26',271,2,1),(17,'2014-03-04 19:43:47',271,3,1),(18,'2014-03-07 10:47:35',272,1,1),(19,'2014-03-07 12:36:15',198,2,1),(20,'2014-03-07 12:38:14',198,2,1),(21,'2014-03-10 19:34:20',273,1,1),(22,'2014-03-10 19:44:16',274,1,1),(23,'2014-03-12 10:42:51',275,1,1),(24,'2014-03-12 10:50:13',276,1,1),(25,'2014-03-12 10:50:49',276,2,1),(26,'2014-03-13 15:59:23',277,1,1),(27,'2014-03-13 16:00:43',278,1,1),(28,'2014-03-13 15:01:29',279,1,15),(29,'2014-03-13 16:24:23',280,1,1),(30,'2014-03-13 15:45:49',281,1,15),(31,'2014-03-15 12:00:44',282,1,15),(32,'2014-03-15 12:01:50',282,2,15),(33,'2014-03-15 12:07:42',200,2,15),(34,'2014-03-18 11:41:41',218,2,15),(35,'2014-03-19 11:12:11',283,1,15),(36,'2014-03-19 11:12:39',284,1,15),(37,'2014-03-19 11:12:55',284,2,15),(38,'2014-03-19 16:38:10',285,1,15),(39,'2014-03-19 16:38:22',285,2,15),(40,'2014-03-19 16:38:31',285,3,15),(41,'2014-03-19 16:45:04',198,3,15),(42,'2014-03-19 16:47:35',286,1,1),(43,'2014-03-19 16:48:17',286,2,15),(44,'2014-03-19 16:48:25',286,3,15),(45,'2014-03-19 16:50:26',287,1,1),(46,'2014-03-19 16:51:20',287,2,15),(47,'2014-03-19 16:51:28',287,3,15),(48,'2014-03-20 15:04:19',288,1,1),(49,'2014-03-20 15:12:00',289,1,15),(50,'2014-03-20 15:43:56',199,2,15),(51,'2014-03-20 15:44:04',199,3,15),(52,'2014-03-20 16:40:43',203,2,15),(53,'2014-03-20 16:40:54',203,3,15),(54,'2014-03-21 09:10:28',290,1,15),(55,'2014-03-21 09:11:43',291,1,15),(56,'2014-03-21 09:14:35',292,1,15),(57,'2014-03-21 15:06:54',296,1,14),(58,'2014-03-21 15:07:24',297,1,14),(59,'2014-03-21 15:07:52',297,2,14),(60,'2014-03-21 15:08:15',297,3,14),(61,'2014-03-21 16:00:00',298,1,1),(62,'2014-03-21 15:25:56',299,1,15),(63,'2014-03-21 15:25:56',300,1,15),(64,'2014-03-21 15:25:56',301,1,15),(65,'2014-03-21 15:25:57',302,1,15),(66,'2014-03-21 15:25:57',303,1,15),(67,'2014-03-21 15:25:57',304,1,15),(68,'2014-03-21 15:25:57',305,1,15),(69,'2014-03-21 15:25:57',306,1,15),(70,'2014-03-21 15:25:57',307,1,15),(71,'2014-03-21 15:25:58',308,1,15),(72,'2014-03-21 15:25:58',309,1,15),(73,'2014-03-21 15:25:58',310,1,15),(74,'2014-03-21 15:25:58',311,1,15),(75,'2014-03-21 15:25:58',312,1,15),(76,'2014-03-21 15:25:58',313,1,15),(77,'2014-03-21 15:25:58',314,1,15),(78,'2014-03-21 15:40:46',315,1,15),(79,'2014-03-21 17:19:36',316,1,1),(80,'2014-03-24 10:22:22',317,1,1),(81,'2014-03-25 15:39:01',318,1,15),(82,'2014-03-25 15:39:01',319,1,15),(83,'2014-03-25 15:39:01',320,1,15),(84,'2014-03-25 15:39:01',321,1,15),(85,'2014-03-25 15:39:02',322,1,15),(86,'2014-03-25 15:39:02',323,1,15),(87,'2014-03-25 15:39:02',324,1,15),(88,'2014-03-25 15:39:02',325,1,15),(89,'2014-03-25 15:39:02',326,1,15),(90,'2014-03-25 15:39:02',327,1,15),(91,'2014-03-25 15:39:03',328,1,15),(92,'2014-03-25 15:39:03',330,1,15),(93,'2014-03-25 15:39:03',331,1,15),(94,'2014-03-25 15:39:03',332,1,15),(95,'2014-03-25 15:39:04',333,1,15),(96,'2014-03-25 15:39:04',335,1,15),(97,'2014-03-25 15:39:04',336,1,15),(98,'2014-03-25 15:39:04',337,1,15),(99,'2014-03-25 15:39:04',338,1,15),(100,'2014-03-25 15:39:04',339,1,15),(101,'2014-03-25 15:39:04',340,1,15),(102,'2014-03-25 15:39:05',341,1,15),(103,'2014-03-25 15:39:05',342,1,15),(104,'2014-03-25 15:39:05',343,1,15),(105,'2014-03-25 15:40:02',344,1,15),(106,'2014-03-25 15:40:02',345,1,15),(107,'2014-03-25 15:40:03',346,1,15),(108,'2014-03-25 15:40:03',347,1,15),(109,'2014-03-25 15:40:03',348,1,15),(110,'2014-03-25 15:40:03',349,1,15),(111,'2014-03-25 15:40:03',350,1,15),(112,'2014-03-25 15:40:03',352,1,15),(113,'2014-03-25 15:40:03',355,1,15),(114,'2014-03-25 15:40:03',356,1,15),(115,'2014-03-25 15:40:04',358,1,15),(116,'2014-03-25 15:40:04',361,1,15),(117,'2014-03-25 15:40:04',363,1,15),(118,'2014-03-25 15:40:04',366,1,15),(119,'2014-03-25 15:40:04',369,1,15),(120,'2014-03-25 15:40:04',373,1,15),(121,'2014-03-25 15:40:04',375,1,15),(122,'2014-03-25 15:40:04',377,1,15),(123,'2014-03-25 15:40:04',380,1,15),(124,'2014-03-25 15:40:04',384,1,15),(125,'2014-03-25 15:40:04',386,1,15),(126,'2014-03-25 15:40:04',388,1,15),(127,'2014-03-25 15:40:05',390,1,15),(128,'2014-03-25 15:40:05',394,1,15),(129,'2014-03-25 15:40:05',396,1,15),(130,'2014-03-25 15:40:05',397,1,15),(131,'2014-03-25 15:40:05',399,1,15),(132,'2014-03-25 15:40:05',401,1,15),(133,'2014-03-25 15:40:05',402,1,15),(134,'2014-03-25 15:40:05',405,1,15),(135,'2014-03-25 15:40:05',408,1,15),(136,'2014-03-25 15:40:06',414,1,15),(137,'2014-03-25 15:40:06',411,1,15),(138,'2014-03-25 15:40:06',416,1,15),(139,'2014-03-25 15:40:06',420,1,15),(140,'2014-03-25 15:40:06',423,1,15),(141,'2014-03-25 15:40:06',424,1,15),(142,'2014-03-25 15:40:06',427,1,15),(143,'2014-03-25 15:40:06',430,1,15),(144,'2014-03-25 15:40:07',436,1,15),(145,'2014-03-25 15:40:07',432,1,15),(146,'2014-03-25 15:40:07',440,1,15),(147,'2014-03-25 15:40:07',446,1,15),(148,'2014-03-25 15:40:08',455,1,15),(149,'2014-03-25 15:40:08',466,1,15),(150,'2014-03-25 15:40:08',481,1,15),(151,'2014-03-25 15:40:08',477,1,15),(152,'2014-03-25 15:40:08',483,1,15),(153,'2014-03-25 15:40:08',484,1,15),(154,'2014-03-25 15:40:08',491,1,15),(155,'2014-03-25 16:49:51',496,1,14),(156,'2014-03-25 16:50:40',497,1,14),(157,'2014-03-25 16:02:43',200,3,15),(158,'2014-03-25 16:03:10',236,3,15),(159,'2014-03-25 16:03:10',236,3,15),(160,'2014-03-25 16:03:11',236,3,15),(161,'2014-03-25 16:03:11',236,3,15),(162,'2014-03-25 16:03:11',236,3,15),(163,'2014-03-25 16:03:11',236,3,15),(164,'2014-03-25 16:03:11',236,3,15),(165,'2014-03-25 16:03:11',236,3,15),(166,'2014-03-25 16:03:11',236,3,15),(167,'2014-03-25 16:03:11',236,3,15),(168,'2014-03-25 16:03:11',236,3,15),(169,'2014-03-25 16:03:12',236,3,15),(170,'2014-03-25 16:03:12',236,3,15),(171,'2014-03-25 16:03:12',236,3,15),(172,'2014-03-25 16:03:12',236,3,15),(173,'2014-03-25 16:03:12',236,3,15),(174,'2014-03-25 16:03:12',236,3,15),(175,'2014-03-25 16:03:12',236,3,15),(176,'2014-03-25 16:03:12',236,3,15),(177,'2014-03-25 16:03:12',236,3,15),(178,'2014-03-25 16:03:12',236,3,15),(179,'2014-03-25 16:03:12',236,3,15),(180,'2014-03-25 16:03:12',236,3,15),(181,'2014-03-25 16:03:12',236,3,15),(182,'2014-03-25 16:03:12',236,3,15),(183,'2014-03-25 16:03:12',236,3,15),(184,'2014-03-25 16:03:12',236,3,15),(185,'2014-03-25 16:03:12',236,3,15),(186,'2014-03-25 16:03:12',236,3,15),(187,'2014-03-25 16:03:12',236,3,15),(188,'2014-03-25 16:03:12',236,3,15),(189,'2014-03-25 16:03:12',236,3,15),(190,'2014-03-25 16:03:12',236,3,15),(191,'2014-03-25 16:03:12',236,3,15),(192,'2014-03-25 16:03:12',236,3,15),(193,'2014-03-25 16:03:12',236,3,15),(194,'2014-03-25 16:03:12',236,3,15),(195,'2014-03-25 16:03:12',236,3,15),(196,'2014-03-25 16:03:13',236,3,15),(197,'2014-03-25 16:03:13',236,3,15),(198,'2014-03-25 16:03:13',236,3,15),(199,'2014-03-25 16:03:13',236,3,15),(200,'2014-03-25 16:03:13',236,3,15),(201,'2014-03-25 16:03:13',236,3,15),(202,'2014-03-25 16:03:13',236,3,15),(203,'2014-03-25 16:03:13',236,3,15),(204,'2014-03-25 16:03:13',236,3,15),(205,'2014-03-25 16:03:13',236,3,15),(206,'2014-03-25 16:03:13',236,3,15),(207,'2014-03-25 16:03:13',236,3,15),(208,'2014-03-25 16:03:13',236,3,15),(209,'2014-03-25 16:03:13',236,3,15),(210,'2014-03-25 16:03:13',236,3,15),(211,'2014-03-25 16:03:13',236,3,15),(212,'2014-03-25 16:03:13',236,3,15),(213,'2014-03-25 16:03:13',236,3,15),(214,'2014-03-26 16:26:41',498,1,15),(215,'2014-03-26 16:26:41',499,1,15),(216,'2014-03-26 16:26:41',500,1,15),(217,'2014-03-26 16:26:41',501,1,15),(218,'2014-03-26 16:26:41',502,1,15),(219,'2014-03-26 16:26:42',504,1,15),(220,'2014-03-26 16:26:42',503,1,15),(221,'2014-03-26 16:26:42',506,1,15),(222,'2014-03-26 16:26:42',508,1,15),(223,'2014-03-26 16:26:42',510,1,15),(224,'2014-03-26 16:26:43',512,1,15),(225,'2014-03-26 16:26:43',516,1,15),(226,'2014-03-26 16:26:43',514,1,15),(227,'2014-03-26 16:26:43',526,1,15),(228,'2014-03-26 16:26:44',530,1,15),(229,'2014-03-26 16:26:44',548,1,15),(230,'2014-03-26 16:26:44',571,1,15),(231,'2014-03-27 15:02:10',572,1,15),(232,'2014-03-27 15:02:10',573,1,15),(233,'2014-03-27 15:02:11',576,1,15),(234,'2014-03-27 15:02:11',574,1,15),(235,'2014-03-27 15:02:11',578,1,15),(236,'2014-03-27 15:02:11',579,1,15),(237,'2014-03-27 15:02:11',582,1,15),(238,'2014-03-27 15:02:12',583,1,15),(239,'2014-03-27 15:02:12',584,1,15),(240,'2014-03-27 15:02:12',586,1,15),(241,'2014-03-27 15:02:12',587,1,15),(242,'2014-03-27 15:02:13',591,1,15),(243,'2014-03-27 15:02:13',593,1,15),(244,'2014-03-27 15:02:13',596,1,15),(245,'2014-03-27 15:02:13',598,1,15),(246,'2014-03-27 15:02:13',610,1,15),(247,'2014-03-27 15:02:14',643,1,15),(248,'2014-03-27 15:02:14',664,1,15),(249,'2014-03-27 15:02:14',671,1,15),(250,'2014-03-27 15:02:14',677,1,15),(251,'2014-03-27 15:02:14',681,1,15),(252,'2014-03-27 15:02:14',682,1,15),(253,'2014-03-27 15:02:14',683,1,15),(254,'2014-03-27 15:02:14',689,1,15),(255,'2014-03-27 15:02:15',690,1,15),(256,'2014-03-27 15:02:15',694,1,15),(257,'2014-03-27 15:02:15',695,1,15),(258,'2014-03-27 15:02:15',696,1,15),(259,'2014-03-27 15:02:15',699,1,15),(260,'2014-03-27 15:02:15',702,1,15),(261,'2014-03-27 15:02:15',705,1,15),(262,'2014-03-27 15:02:15',707,1,15),(263,'2014-03-27 15:02:15',708,1,15),(264,'2014-03-27 15:02:15',712,1,15),(265,'2014-03-27 15:02:15',710,1,15),(266,'2014-03-27 15:02:15',714,1,15),(267,'2014-03-27 15:02:15',717,1,15),(268,'2014-03-27 15:02:15',715,1,15),(269,'2014-03-27 15:02:15',720,1,15),(270,'2014-03-27 15:02:15',722,1,15),(271,'2014-03-27 15:02:16',724,1,15),(272,'2014-03-27 15:02:16',726,1,15),(273,'2014-03-27 15:02:16',728,1,15),(274,'2014-03-27 15:02:16',731,1,15),(275,'2014-03-27 15:02:17',735,1,15),(276,'2014-03-27 15:02:17',733,1,15),(277,'2014-03-27 15:02:17',749,1,15),(278,'2014-03-27 15:02:17',765,1,15),(279,'2014-03-27 15:02:17',753,1,15),(280,'2014-03-27 15:02:17',738,1,15),(281,'2014-03-27 15:02:17',758,1,15),(282,'2014-03-27 15:02:17',760,1,15),(283,'2014-03-27 15:02:17',766,1,15),(284,'2014-03-27 15:02:17',767,1,15),(285,'2014-03-27 15:02:17',772,1,15),(286,'2014-03-27 15:02:18',781,1,15),(287,'2014-03-27 15:02:18',786,1,15),(288,'2014-03-27 15:02:18',784,1,15),(289,'2014-03-27 15:02:18',793,1,15),(290,'2014-03-27 15:02:18',801,1,15),(291,'2014-03-27 15:02:18',800,1,15),(292,'2014-03-27 15:02:18',796,1,15),(293,'2014-03-27 15:02:18',807,1,15),(294,'2014-03-27 15:02:18',806,1,15),(295,'2014-03-27 15:02:18',804,1,15),(296,'2014-03-27 15:02:18',810,1,15),(297,'2014-03-27 15:02:18',811,1,15),(298,'2014-03-27 15:02:18',812,1,15),(299,'2014-03-27 15:02:19',813,1,15),(300,'2014-03-27 15:02:19',816,1,15),(301,'2014-03-27 15:02:19',821,1,15),(302,'2014-03-27 15:02:19',828,1,15),(303,'2014-03-27 15:02:19',823,1,15),(304,'2014-03-27 15:02:19',824,1,15),(305,'2014-03-27 15:02:19',825,1,15),(306,'2014-03-27 15:02:19',829,1,15),(307,'2014-03-27 15:02:19',832,1,15),(308,'2014-03-27 15:02:19',833,1,15),(309,'2014-03-27 15:02:19',836,1,15),(310,'2014-03-27 15:02:19',839,1,15),(311,'2014-03-27 15:02:19',842,1,15),(312,'2014-03-27 15:02:19',840,1,15),(313,'2014-03-27 15:02:20',845,1,15),(314,'2014-03-27 15:02:20',847,1,15),(315,'2014-03-27 15:02:20',852,1,15),(316,'2014-03-27 15:02:20',854,1,15),(317,'2014-03-27 15:02:20',856,1,15),(318,'2014-03-27 15:02:20',857,1,15),(319,'2014-03-27 15:02:20',860,1,15),(320,'2014-03-27 15:02:20',863,1,15),(321,'2014-03-27 15:02:20',867,1,15),(322,'2014-03-27 15:02:20',871,1,15),(323,'2014-03-27 15:02:20',876,1,15),(324,'2014-03-27 15:02:21',878,1,15),(325,'2014-03-27 15:02:21',879,1,15),(326,'2014-03-27 15:02:21',880,1,15),(327,'2014-03-27 15:02:21',881,1,15),(328,'2014-03-27 15:02:21',882,1,15),(329,'2014-03-27 15:02:21',886,1,15),(330,'2014-03-27 15:02:21',888,1,15),(331,'2014-03-27 15:02:21',891,1,15),(332,'2014-03-27 15:02:21',893,1,15),(333,'2014-03-27 15:02:21',895,1,15),(334,'2014-03-27 15:02:21',897,1,15),(335,'2014-03-27 15:02:21',899,1,15),(336,'2014-03-27 15:02:21',902,1,15),(337,'2014-03-27 15:02:21',903,1,15),(338,'2014-03-27 15:02:22',906,1,15),(339,'2014-03-27 15:02:22',911,1,15),(340,'2014-03-27 15:02:22',909,1,15),(341,'2014-03-27 15:02:22',915,1,15),(342,'2014-03-27 15:02:22',913,1,15),(343,'2014-03-27 15:02:22',917,1,15),(344,'2014-03-27 15:02:22',919,1,15),(345,'2014-03-27 15:02:22',921,1,15),(346,'2014-03-27 15:02:23',923,1,15),(347,'2014-03-27 15:02:23',926,1,15),(348,'2014-03-27 15:02:23',931,1,15),(349,'2014-03-27 15:02:23',936,1,15),(350,'2014-03-27 15:02:23',942,1,15),(351,'2014-03-27 15:02:23',946,1,15),(352,'2014-03-27 15:02:23',953,1,15),(353,'2014-03-27 15:02:23',956,1,15),(354,'2014-03-27 15:03:14',958,1,15),(355,'2014-03-27 16:33:49',204,2,14),(356,'2014-03-27 16:34:35',206,2,14),(357,'2014-03-27 16:35:02',207,2,14),(358,'2014-03-27 16:35:19',208,2,14),(359,'2014-03-27 16:35:54',208,2,14),(360,'2014-03-28 14:11:19',959,1,15),(361,'2014-04-09 14:24:26',960,1,1),(362,'2014-04-09 16:16:41',961,1,1),(363,'2014-04-09 16:20:24',962,1,1),(364,'2014-04-10 14:18:24',963,1,1),(365,'2014-04-10 15:06:22',964,1,1),(366,'2014-04-11 12:46:06',965,1,1),(367,'2014-04-11 12:55:23',966,1,1),(368,'2014-04-11 13:02:08',967,1,1),(369,'2014-04-12 09:35:21',968,1,1),(370,'2014-04-12 09:35:56',969,1,1),(371,'2014-04-12 10:21:33',970,1,1),(372,'2014-04-12 10:21:47',971,1,1),(373,'2014-04-12 10:21:50',972,1,1),(374,'2014-04-12 10:21:53',973,1,1),(375,'2014-04-12 10:21:56',974,1,1),(376,'2014-04-12 10:21:57',975,1,1),(377,'2014-04-12 10:21:58',976,1,1),(378,'2014-04-12 10:23:12',977,1,1),(379,'2014-04-12 10:45:18',978,1,1),(380,'2014-04-12 10:47:41',979,1,1),(381,'2014-04-12 10:51:51',980,1,1),(382,'2014-04-12 10:52:37',981,1,1),(383,'2014-04-12 10:53:22',982,1,1),(384,'2014-04-15 10:10:09',983,1,1),(385,'2014-04-15 10:29:47',984,1,1),(386,'2014-04-15 10:29:47',985,1,1),(387,'2014-04-15 10:34:24',986,1,1),(388,'2014-04-15 10:56:27',987,1,1),(389,'2014-04-15 11:01:32',988,1,1),(390,'2014-04-15 13:48:51',989,1,1),(391,'2014-04-17 13:41:48',990,1,1),(392,'2014-04-17 13:45:31',991,1,1),(393,'2014-04-17 13:51:32',992,1,1),(394,'2014-04-17 14:02:02',993,1,1),(395,'2014-04-22 10:40:10',994,1,1),(396,'2014-04-22 10:40:10',995,1,1),(397,'2014-04-22 10:40:11',996,1,1),(398,'2014-04-22 10:40:11',997,1,1),(399,'2014-04-22 10:40:11',998,1,1),(400,'2014-04-22 10:40:11',1000,1,1),(401,'2014-04-22 10:40:12',1001,1,1),(402,'2014-04-22 10:40:12',1002,1,1),(403,'2014-04-22 10:40:12',1003,1,1),(404,'2014-04-22 10:40:12',1004,1,1),(405,'2014-04-22 10:40:12',1005,1,1),(406,'2014-04-22 10:40:12',1008,1,1),(407,'2014-04-22 10:40:12',1007,1,1),(408,'2014-04-22 10:40:12',1009,1,1),(409,'2014-04-22 10:40:12',1014,1,1),(410,'2014-04-22 10:40:12',1012,1,1),(411,'2014-04-22 10:40:12',1019,1,1),(412,'2014-04-22 10:40:12',1023,1,1),(413,'2014-04-22 10:40:12',1024,1,1),(414,'2014-04-22 10:40:12',1025,1,1),(415,'2014-04-22 10:40:12',1026,1,1),(416,'2014-04-22 10:40:13',1027,1,1),(417,'2014-04-22 10:40:13',1028,1,1),(418,'2014-04-22 10:40:13',1029,1,1),(419,'2014-04-22 10:40:13',1030,1,1),(420,'2014-04-22 10:40:13',1031,1,1),(421,'2014-04-22 10:40:13',1032,1,1),(422,'2014-04-22 10:40:14',1033,1,1),(423,'2014-04-22 10:40:14',1034,1,1),(424,'2014-04-22 10:40:14',1035,1,1),(425,'2014-04-22 10:40:15',1036,1,1),(426,'2014-04-22 10:40:15',1037,1,1),(427,'2014-04-22 10:40:15',1038,1,1),(428,'2014-04-22 10:40:15',1039,1,1),(429,'2014-04-22 10:40:15',1040,1,1),(430,'2014-04-22 10:40:15',1043,1,1),(431,'2014-04-22 10:40:15',1044,1,1),(432,'2014-04-22 10:40:16',1050,1,1),(433,'2014-04-22 10:40:16',1047,1,1),(434,'2014-04-22 10:40:16',1053,1,1),(435,'2014-04-22 10:40:16',1052,1,1),(436,'2014-04-22 10:40:16',1057,1,1),(437,'2014-04-22 10:40:16',1055,1,1),(438,'2014-04-22 10:40:16',1054,1,1),(439,'2014-04-22 10:40:16',1058,1,1),(440,'2014-04-22 10:40:16',1061,1,1),(441,'2014-04-22 10:40:16',1064,1,1),(442,'2014-04-22 10:40:16',1063,1,1),(443,'2014-04-22 10:40:16',1066,1,1),(444,'2014-04-22 10:40:17',1067,1,1),(445,'2014-04-22 10:40:17',1070,1,1),(446,'2014-04-22 10:40:17',1076,1,1),(447,'2014-04-22 10:40:17',1080,1,1),(448,'2014-04-22 10:40:17',1081,1,1),(449,'2014-04-22 10:40:17',1085,1,1),(450,'2014-04-22 10:40:17',1088,1,1),(451,'2014-04-22 10:40:18',1090,1,1),(452,'2014-04-22 10:40:18',1091,1,1),(453,'2014-04-22 10:40:18',1093,1,1),(454,'2014-04-22 10:40:18',1095,1,1),(455,'2014-04-22 10:40:18',1096,1,1),(456,'2014-04-22 10:40:18',1099,1,1),(457,'2014-04-22 10:40:18',1104,1,1),(458,'2014-04-22 10:40:18',1113,1,1),(459,'2014-04-22 10:40:18',1117,1,1),(460,'2014-04-22 10:40:18',1121,1,1),(461,'2014-04-22 10:40:18',1122,1,1),(462,'2014-04-22 10:40:18',1124,1,1),(463,'2014-04-22 10:40:18',1125,1,1),(464,'2014-04-22 10:40:18',1126,1,1),(465,'2014-04-22 10:40:18',1127,1,1),(466,'2014-04-22 10:40:19',1135,1,1),(467,'2014-04-22 10:40:19',1128,1,1),(468,'2014-04-22 10:40:19',1139,1,1),(469,'2014-04-22 10:40:19',1141,1,1),(470,'2014-04-22 10:40:19',1143,1,1),(471,'2014-04-22 10:40:19',1145,1,1),(472,'2014-04-22 10:40:19',1150,1,1),(473,'2014-04-22 10:40:19',1146,1,1),(474,'2014-04-22 10:40:19',1151,1,1),(475,'2014-04-22 10:40:19',1152,1,1),(476,'2014-04-22 10:40:19',1153,1,1),(477,'2014-04-22 10:40:19',1159,1,1),(478,'2014-04-22 10:40:19',1157,1,1),(479,'2014-04-22 10:40:19',1162,1,1),(480,'2014-04-22 10:40:20',1169,1,1),(481,'2014-04-22 10:40:20',1172,1,1),(482,'2014-04-22 10:40:21',1175,1,1),(483,'2014-04-22 10:40:21',1181,1,1),(484,'2014-04-22 10:40:21',1173,1,1),(485,'2014-04-22 10:40:21',1177,1,1),(486,'2014-04-22 10:40:21',1178,1,1),(487,'2014-04-22 10:40:21',1174,1,1),(488,'2014-04-22 10:40:21',1180,1,1),(489,'2014-04-22 10:40:21',1182,1,1),(490,'2014-04-22 10:40:22',1183,1,1),(491,'2014-04-22 10:40:22',1184,1,1),(492,'2014-04-22 10:40:22',1186,1,1),(493,'2014-04-22 10:40:22',1187,1,1),(494,'2014-04-22 10:40:22',1189,1,1),(495,'2014-04-22 10:40:22',1212,1,1),(496,'2014-04-22 10:40:22',1199,1,1),(497,'2014-04-22 10:40:22',1204,1,1),(498,'2014-04-22 10:40:23',1222,1,1),(499,'2014-04-22 10:40:23',1223,1,1),(500,'2014-04-22 10:40:23',1224,1,1),(501,'2014-04-22 10:40:23',1220,1,1),(502,'2014-04-22 10:40:23',1221,1,1),(503,'2014-04-22 10:40:23',1226,1,1),(504,'2014-04-22 10:40:23',1228,1,1),(505,'2014-04-22 10:40:23',1231,1,1),(506,'2014-04-22 10:40:23',1233,1,1),(507,'2014-04-22 10:40:23',1234,1,1),(508,'2014-04-22 10:40:23',1235,1,1),(509,'2014-04-22 10:40:24',1236,1,1),(510,'2014-04-22 10:40:24',1238,1,1),(511,'2014-04-22 10:40:24',1248,1,1),(512,'2014-04-22 10:40:24',1250,1,1),(513,'2014-04-22 10:40:24',1253,1,1),(514,'2014-04-22 10:40:24',1254,1,1),(515,'2014-04-22 10:40:24',1256,1,1),(516,'2014-04-22 10:40:24',1257,1,1),(517,'2014-04-22 10:40:24',1259,1,1),(518,'2014-04-22 10:40:24',1260,1,1),(519,'2014-04-22 10:40:24',1262,1,1),(520,'2014-04-22 10:40:24',1264,1,1),(521,'2014-04-22 10:40:24',1263,1,1),(522,'2014-04-22 10:40:24',1265,1,1),(523,'2014-04-22 10:40:24',1267,1,1),(524,'2014-04-22 10:40:25',1271,1,1),(525,'2014-04-22 10:40:25',1272,1,1),(526,'2014-04-22 10:40:25',1273,1,1),(527,'2014-04-22 10:40:25',1281,1,1),(528,'2014-04-22 10:40:25',1283,1,1),(529,'2014-04-22 10:40:25',1285,1,1),(530,'2014-04-22 10:40:25',1287,1,1),(531,'2014-04-22 10:40:25',1290,1,1),(532,'2014-04-22 10:40:25',1292,1,1),(533,'2014-04-22 10:40:25',1293,1,1),(534,'2014-04-22 10:40:25',1294,1,1),(535,'2014-04-22 10:40:25',1298,1,1),(536,'2014-04-22 10:40:25',1296,1,1),(537,'2014-04-22 10:40:25',1299,1,1),(538,'2014-04-22 10:40:26',1303,1,1),(539,'2014-04-22 10:40:26',1310,1,1),(540,'2014-04-22 10:40:26',1314,1,1),(541,'2014-04-22 10:40:26',1317,1,1),(542,'2014-04-22 10:40:26',1322,1,1),(543,'2014-04-22 10:40:26',1318,1,1),(544,'2014-04-22 10:40:26',1320,1,1),(545,'2014-04-22 10:40:26',1324,1,1),(546,'2014-04-22 10:40:26',1325,1,1),(547,'2014-04-22 10:40:26',1326,1,1),(548,'2014-04-22 10:40:26',1327,1,1),(549,'2014-04-22 10:40:26',1330,1,1),(550,'2014-04-22 10:40:26',1331,1,1),(551,'2014-04-22 10:40:26',1336,1,1),(552,'2014-04-22 10:40:26',1332,1,1),(553,'2014-04-22 10:40:26',1338,1,1),(554,'2014-04-22 10:40:26',1339,1,1),(555,'2014-04-22 10:40:26',1341,1,1),(556,'2014-04-22 10:40:26',1340,1,1),(557,'2014-04-22 10:40:26',1344,1,1),(558,'2014-04-22 10:40:26',1348,1,1),(559,'2014-04-22 10:40:26',1347,1,1),(560,'2014-04-22 10:40:27',1349,1,1),(561,'2014-04-22 10:40:27',1351,1,1),(562,'2014-04-22 10:40:27',1352,1,1),(563,'2014-04-22 10:40:27',1353,1,1),(564,'2014-04-22 10:40:27',1355,1,1),(565,'2014-04-22 10:40:27',1358,1,1),(566,'2014-04-22 10:40:27',1357,1,1),(567,'2014-04-22 10:40:27',1360,1,1),(568,'2014-04-22 10:40:27',1361,1,1),(569,'2014-04-22 10:40:27',1362,1,1),(570,'2014-04-22 10:40:27',1363,1,1),(571,'2014-04-22 10:40:28',1364,1,1),(572,'2014-04-22 10:40:28',1368,1,1),(573,'2014-04-22 10:40:28',1370,1,1),(574,'2014-04-22 10:40:28',1366,1,1),(575,'2014-04-22 10:40:28',1372,1,1),(576,'2014-04-22 10:40:28',1378,1,1),(577,'2014-04-22 10:40:28',1377,1,1),(578,'2014-04-22 10:40:28',1379,1,1),(579,'2014-04-22 10:40:28',1381,1,1),(580,'2014-04-22 10:40:28',1380,1,1),(581,'2014-04-22 10:40:28',1382,1,1),(582,'2014-04-22 10:40:28',1384,1,1),(583,'2014-04-22 10:40:28',1386,1,1),(584,'2014-04-22 10:40:28',1389,1,1),(585,'2014-04-22 10:40:29',1391,1,1),(586,'2014-04-22 10:40:29',1393,1,1),(587,'2014-04-22 10:40:29',1394,1,1),(588,'2014-04-22 10:40:29',1395,1,1),(589,'2014-04-22 10:40:29',1400,1,1),(590,'2014-04-22 10:40:29',1401,1,1),(591,'2014-04-22 10:40:29',1403,1,1),(592,'2014-04-22 10:40:29',1405,1,1),(593,'2014-04-22 10:40:29',1408,1,1),(594,'2014-04-22 10:40:29',1407,1,1),(595,'2014-04-22 10:40:29',1412,1,1),(596,'2014-04-22 10:40:29',1411,1,1),(597,'2014-04-22 10:40:29',1410,1,1),(598,'2014-04-22 10:40:29',1413,1,1),(599,'2014-04-22 10:40:29',1415,1,1),(600,'2014-04-22 10:40:29',1418,1,1),(601,'2014-04-22 10:40:29',1416,1,1),(602,'2014-04-22 10:40:30',1425,1,1),(603,'2014-04-22 10:40:30',1426,1,1),(604,'2014-04-22 10:40:30',1427,1,1),(605,'2014-04-22 10:40:30',1430,1,1),(606,'2014-04-22 10:40:30',1429,1,1),(607,'2014-04-22 10:40:30',1433,1,1),(608,'2014-04-22 10:40:30',1436,1,1),(609,'2014-04-22 10:40:30',1439,1,1),(610,'2014-04-22 10:40:30',1440,1,1),(611,'2014-04-22 10:40:30',1442,1,1),(612,'2014-04-22 10:40:30',1445,1,1),(613,'2014-04-22 10:40:30',1447,1,1),(614,'2014-04-22 10:40:30',1448,1,1),(615,'2014-04-22 10:40:31',1450,1,1),(616,'2014-04-22 10:40:31',1453,1,1),(617,'2014-04-22 10:40:31',1455,1,1),(618,'2014-04-22 10:40:31',1456,1,1),(619,'2014-04-22 10:40:31',1458,1,1),(620,'2014-04-22 10:40:31',1460,1,1),(621,'2014-04-22 10:40:31',1463,1,1),(622,'2014-04-22 10:40:31',1462,1,1),(623,'2014-04-22 10:40:31',1466,1,1),(624,'2014-04-22 10:40:31',1467,1,1),(625,'2014-04-22 10:40:32',1473,1,1),(626,'2014-04-22 10:40:32',1468,1,1),(627,'2014-04-22 10:40:32',1470,1,1),(628,'2014-04-22 10:40:32',1476,1,1),(629,'2014-04-22 10:40:32',1483,1,1),(630,'2014-04-22 10:40:32',1497,1,1),(631,'2014-04-22 10:40:32',1498,1,1),(632,'2014-04-22 10:40:33',1499,1,1),(633,'2014-04-22 10:40:33',1501,1,1),(634,'2014-04-22 10:40:33',1500,1,1),(635,'2014-04-22 10:40:33',1502,1,1),(636,'2014-04-22 10:40:33',1507,1,1),(637,'2014-04-22 10:40:33',1508,1,1),(638,'2014-04-22 10:40:33',1509,1,1),(639,'2014-04-22 10:40:33',1510,1,1),(640,'2014-04-22 10:40:33',1511,1,1),(641,'2014-04-22 10:40:33',1512,1,1),(642,'2014-04-22 10:40:33',1515,1,1),(643,'2014-04-22 10:40:33',1513,1,1),(644,'2014-04-22 10:40:33',1514,1,1),(645,'2014-04-22 10:40:33',1516,1,1),(646,'2014-04-22 10:40:33',1517,1,1),(647,'2014-04-22 10:40:33',1518,1,1),(648,'2014-04-22 10:40:33',1519,1,1),(649,'2014-04-22 10:40:33',1520,1,1),(650,'2014-04-22 10:40:33',1522,1,1),(651,'2014-04-22 10:40:33',1524,1,1),(652,'2014-04-22 10:40:33',1523,1,1),(653,'2014-04-22 10:40:34',1526,1,1),(654,'2014-04-22 10:40:34',1527,1,1),(655,'2014-04-22 10:40:34',1528,1,1),(656,'2014-04-22 10:40:34',1532,1,1),(657,'2014-04-22 10:40:34',1534,1,1),(658,'2014-04-22 10:40:34',1535,1,1),(659,'2014-04-22 10:40:34',1539,1,1),(660,'2014-04-22 10:40:34',1537,1,1),(661,'2014-04-22 10:40:34',1538,1,1),(662,'2014-04-22 10:40:34',1540,1,1),(663,'2014-04-22 13:34:50',1541,1,1);

/*Data for the table `w3sys_langue` */

insert  into `w3sys_langue`(`id`,`label`) values (1,'FR'),(2,'EN'),(3,'NL');

/*Data for the table `w3sys_lieu` */

insert  into `w3sys_lieu`(`id_lieu`,`fk_batiment`,`visible`,`fk_locataire`) values (1,1,0,17),(2,1,0,17),(3,4,0,17),(4,3,0,17),(5,6,0,17),(6,2,0,17),(7,5,0,17),(8,7,0,17),(9,8,0,17),(10,9,0,17),(11,10,0,17),(12,10,0,17),(13,10,0,17),(14,10,0,17),(15,11,0,17),(16,11,0,17),(17,11,0,17),(18,11,0,17),(19,1,0,17),(20,5,0,17),(21,6,0,17),(22,3,0,17),(23,1,1,17),(24,5,1,17),(25,2,1,17),(26,6,1,17),(27,3,1,17),(28,10,1,17),(29,4,1,17);

/*Data for the table `w3sys_priorite` */

insert  into `w3sys_priorite`(`id_priorite`,`label`) values (3,'High'),(1,'Low'),(2,'Medium');

/*Data for the table `w3sys_secteur` */

insert  into `w3sys_secteur`(`fk_entreprise`,`id_secteur`,`fk_categorie`,`visible`) values (2,1,1,1),(5,2,3,1),(3,3,4,0),(4,4,2,1),(2,7,15,0);

/*Data for the table `w3sys_session` */

insert  into `w3sys_session`(`id_session`,`fk_yiisession`,`email`) values (53,'41gov6kegm0kjgh3lirjonqr75','r@r.r'),(55,'f3osb1rrcu0r4k09gtii6vm5a0','s@s.s');

/*Data for the table `w3sys_statut_ticket` */

insert  into `w3sys_statut_ticket`(`id_statut_ticket`,`label`) values (3,'Cloturé'),(2,'En Traitement'),(1,'Nouveau');

/*Data for the table `w3sys_ticket` */

insert  into `w3sys_ticket`(`id_ticket`,`fk_statut`,`fk_categorie`,`fk_user`,`descriptif`,`date_intervention`,`fk_entreprise`,`code_ticket`,`etage`,`bureau`,`fk_batiment`,`fk_priorite`,`fk_locataire`,`visible`,`fk_canal`) values (198,3,21,1,' ---------- Cloture ---------- -\r\n','2014-03-12',2,'ALLB14','','',2,1,18,1,2),(199,3,9,1,'Test Traitement ---------- Cloture ---------- qzmoeithetioh','2014-03-20',5,'B1OF2','7','652',13,1,17,1,1),(200,3,25,1,' ---------- Cloture ---------- setset','2014-03-29',4,'ALLA41','','',1,1,18,1,2),(201,2,5,1,'','2014-02-24',2,'ALLD14','','',3,1,18,1,2),(202,3,29,1,' ---------- Cloture ---------- test','2014-02-26',5,'ALLF6','','',4,1,18,1,2),(203,3,9,1,' ---------- Cloture ---------- 9999999\r\n','2014-03-21',5,'ALLB15','','',2,1,17,1,1),(204,2,12,4,'','2014-03-28',1,'ALLA42','','',1,1,19,1,1),(205,2,21,4,'','2014-03-12',3,'ASEV3','','',9,1,19,1,1),(206,2,21,4,'','2014-03-28',2,'ASEV4','','',9,1,19,1,1),(207,2,17,4,'','2014-03-27',1,'ALLF7','','',4,1,19,1,1),(208,2,17,4,'','2014-03-29',1,'ALLF8','','',4,1,19,1,1),(209,1,17,4,'',NULL,NULL,'ALLF9','','',4,1,19,1,1),(210,1,17,4,'',NULL,NULL,'ALLF10','','',4,1,19,1,1),(211,1,17,4,'',NULL,NULL,'ALLF11','','',4,1,19,1,1),(212,1,17,4,'',NULL,NULL,'ALLF12','','',4,1,19,1,1),(213,1,17,4,'',NULL,NULL,'ALLF13','','',4,1,19,1,1),(214,1,9,4,'',NULL,NULL,'ALLS4','','',6,1,19,1,1),(215,1,9,4,'',NULL,NULL,'ALLS5','','',6,1,19,1,1),(216,1,9,4,'',NULL,NULL,'ALLS6','','',6,1,19,1,1),(217,1,11,4,'',NULL,NULL,'AUDE2','','',10,1,19,1,1),(218,2,9,4,'','2014-03-19',5,'ALLF14','','',4,1,18,1,1),(219,1,9,4,'',NULL,NULL,'ALLS7','','',6,1,18,1,1),(220,1,5,4,'',NULL,NULL,'ALLS8','','',6,1,18,1,1),(221,1,11,4,'',NULL,NULL,'ALLJ4','','',5,1,18,1,1),(222,1,27,4,'',NULL,NULL,'ARTS5','','',7,1,18,1,1),(223,1,18,4,'',NULL,NULL,'ALLS9','','',6,1,18,1,1),(224,1,11,4,'',NULL,NULL,'ARTS6','','',7,1,18,1,1),(225,1,11,4,'',NULL,NULL,'ALLJ5','','',5,1,18,1,1),(226,1,11,4,'',NULL,NULL,'ALLD15','','',3,1,18,1,1),(227,1,27,4,'',NULL,NULL,'ALLJ6','','',5,1,18,1,1),(228,1,9,4,'',NULL,NULL,'ALLD16','','',3,1,18,1,1),(229,2,6,4,'','2014-02-25',4,'ALLD17','','',3,1,18,1,1),(230,1,9,4,'',NULL,NULL,'ALLD18','','',3,1,18,1,1),(231,1,9,4,'',NULL,NULL,'ARLU3','','',8,1,17,1,1),(232,1,9,4,'',NULL,NULL,'ARLU4','','',8,1,17,1,1),(233,1,9,4,'',NULL,NULL,'ARLU5','','',8,1,17,1,1),(234,1,39,4,'',NULL,NULL,'ARLU6','','',8,1,17,1,1),(235,1,38,4,'',NULL,NULL,'ALLS10','','',6,1,17,1,1),(236,3,7,4,' ---------- Cloture ---------- test ---------- Cloture ---------- test ---------- Cloture ---------- test ---------- Cloture ---------- test ---------- Cloture ---------- test ---------- Cloture ---------- test ---------- Cloture ---------- test ---------- Cloture ---------- test ---------- Cloture ---------- test','2014-02-25',2,'ALLF15','','',13,1,17,1,1),(237,1,9,4,'',NULL,NULL,'ARTS7','','',7,1,19,1,1),(238,1,9,4,'',NULL,NULL,'ALLJ7','','',5,1,19,1,1),(239,1,9,4,'',NULL,NULL,'ALLS11','','',6,1,17,1,1),(264,1,5,1,'Yo Lionel, c\'est juste un ticket créé pour un test ;-) Ridounet',NULL,NULL,'ALLF22','1','web3sys',4,1,18,1,1),(265,1,5,1,'',NULL,NULL,'ALLD22','','',3,1,18,1,2),(266,1,5,1,'',NULL,NULL,'ALLD23','','',3,1,18,1,2),(267,1,26,1,'rtuti',NULL,NULL,'ALLJ13','','',5,1,18,1,2),(268,1,10,1,'sfdqsdsqd',NULL,NULL,'B1OF4','','',13,1,18,1,2),(269,1,16,1,'',NULL,NULL,'ALLB18','','',2,1,17,1,1),(270,1,39,1,'',NULL,NULL,'ALLB19','','',2,1,18,1,1),(271,3,9,1,' ---------- Cloture ---------- Test','2014-03-05',4,'ALLD24','','',3,1,17,1,1),(272,1,7,1,'',NULL,NULL,'ALLD25','','',3,1,18,1,2),(273,1,10,1,'',NULL,NULL,'ALLF23','','',4,1,17,1,1),(274,1,27,1,'',NULL,NULL,'ALLB20','','',2,1,17,1,1),(275,1,21,1,'c',NULL,NULL,'NABO2','a','b',26,1,18,1,1),(276,2,13,1,'','2014-03-19',3,'ALLD26','','',3,1,18,1,1),(277,1,5,1,'',NULL,NULL,'ALLD27','','',3,1,18,1,2),(278,1,11,1,'',NULL,NULL,'ALLJ14','','',5,1,18,1,1),(279,1,5,15,'',NULL,NULL,'ALLD28','','',3,1,18,1,1),(280,1,9,1,'',NULL,NULL,'ARTS8','','',7,3,18,1,2),(281,1,11,15,'',NULL,NULL,'ALLJ15','','',5,1,18,1,1),(282,2,9,15,'','2014-03-18',5,'ALLJ16','','',5,3,18,1,1),(283,1,9,15,'',NULL,NULL,'ALLS12','','',6,3,17,1,1),(284,2,9,15,'','2014-03-20',5,'ALLS13','','',6,3,17,1,1),(285,3,11,15,' ---------- Cloture ---------- Tout va bien.','2014-03-20',3,'ALLF25','','',4,1,17,1,1),(286,3,5,1,' ---------- Cloture ---------- test','2014-03-31',4,'ALLF26','','',4,1,18,1,2),(287,3,11,1,' ---------- Cloture ---------- test','2014-03-20',3,'ALLF27','','',4,1,19,1,2),(288,1,5,1,'',NULL,NULL,'ALLB21','','',2,1,19,1,2),(289,1,11,15,'',NULL,NULL,'ALLF28','','',4,1,19,1,1),(290,1,7,15,'',NULL,NULL,'ALLF29','','',4,3,18,1,1),(291,1,9,15,'',NULL,NULL,'ALLF30','','',4,3,19,1,1),(292,1,7,15,'',NULL,NULL,'ALLD29','','',3,3,19,1,1),(293,1,5,15,'',NULL,NULL,'ALLJ18','','',5,1,17,1,1),(298,1,25,1,'',NULL,NULL,'ALLB27','','',2,3,17,1,2),(299,1,5,15,'',NULL,NULL,'ALLF32','','',4,1,17,1,1),(300,1,5,15,'',NULL,NULL,'ALLF33','','',4,1,17,1,1),(301,1,5,15,'',NULL,NULL,'ALLF34','','',4,1,17,1,1),(302,1,5,15,'',NULL,NULL,'ALLF35','','',4,1,17,1,1),(303,1,5,15,'',NULL,NULL,'ALLF36','','',4,1,17,1,1),(304,1,5,15,'',NULL,NULL,'ALLF37','','',4,1,17,1,1),(305,1,5,15,'',NULL,NULL,'ALLF38','','',4,1,17,1,1),(306,1,5,15,'',NULL,NULL,'ALLF39','','',4,1,17,1,1),(307,1,5,15,'',NULL,NULL,'ALLF40','','',4,1,17,1,1),(308,1,5,15,'',NULL,NULL,'ALLF41','','',4,1,17,1,1),(309,1,5,15,'',NULL,NULL,'ALLF42','','',4,1,17,1,1),(310,1,5,15,'',NULL,NULL,'ALLF43','','',4,1,17,1,1),(311,1,5,15,'',NULL,NULL,'ALLF44','','',4,1,17,1,1),(312,1,5,15,'',NULL,NULL,'ALLF45','','',4,1,17,1,1),(313,1,5,15,'',NULL,NULL,'ALLF46','','',4,1,17,1,1),(314,1,5,15,'',NULL,NULL,'ALLF47','','',4,1,17,1,1),(315,1,7,15,'',NULL,NULL,'ALLA44','','',1,3,17,1,1),(316,1,19,1,'',NULL,NULL,'ALLF48','','',4,2,17,1,2),(317,1,10,1,'',NULL,NULL,'ALLJ19','','',5,2,17,1,2),(318,1,5,15,'',NULL,NULL,'ASEV7','','',9,1,17,1,1),(319,1,5,15,'',NULL,NULL,'ASEV8','','',9,1,17,1,1),(320,1,5,15,'',NULL,NULL,'ASEV9','','',9,1,17,1,1),(321,1,5,15,'',NULL,NULL,'ASEV10','','',9,1,17,1,1),(322,1,5,15,'',NULL,NULL,'ASEV11','','',9,1,17,1,1),(323,1,5,15,'',NULL,NULL,'ASEV12','','',9,1,17,1,1),(324,1,5,15,'',NULL,NULL,'ASEV13','','',9,1,17,1,1),(325,1,5,15,'',NULL,NULL,'ASEV14','','',9,1,17,1,1),(326,1,5,15,'',NULL,NULL,'ASEV15','','',9,1,17,1,1),(327,1,5,15,'',NULL,NULL,'ASEV16','','',9,1,17,1,1),(328,1,5,15,'',NULL,NULL,'ASEV17','','',9,1,17,1,1),(330,1,5,15,'',NULL,NULL,'ASEV18','','',9,1,17,1,1),(331,1,5,15,'',NULL,NULL,'ASEV19','','',9,1,17,1,1),(332,1,5,15,'',NULL,NULL,'ASEV20','','',9,1,17,1,1),(333,1,5,15,'',NULL,NULL,'ASEV21','','',9,1,17,1,1),(335,1,5,15,'',NULL,NULL,'ASEV22','','',9,1,17,1,1),(336,1,5,15,'',NULL,NULL,'ASEV23','','',9,1,17,1,1),(337,1,5,15,'',NULL,NULL,'ASEV24','','',9,1,17,1,1),(338,1,5,15,'',NULL,NULL,'ASEV25','','',9,1,17,1,1),(339,1,5,15,'',NULL,NULL,'ASEV26','','',9,1,17,1,1),(340,1,5,15,'',NULL,NULL,'ASEV27','','',9,1,17,1,1),(341,1,5,15,'',NULL,NULL,'ASEV28','','',9,1,17,1,1),(342,1,5,15,'',NULL,NULL,'ASEV29','','',9,1,17,1,1),(343,1,5,15,'',NULL,NULL,'ASEV30','','',9,1,17,1,1),(344,1,11,15,'',NULL,NULL,'ALLS14','','',6,1,17,1,1),(345,1,11,15,'',NULL,NULL,'ALLS15','','',6,1,17,1,1),(346,1,11,15,'',NULL,NULL,'ALLS16','','',6,1,17,1,1),(347,1,11,15,'',NULL,NULL,'ALLS17','','',6,1,17,1,1),(348,1,11,15,'',NULL,NULL,'ALLS18','','',6,1,17,1,1),(349,1,11,15,'',NULL,NULL,'ALLS19','','',6,1,17,1,1),(350,1,11,15,'',NULL,NULL,'ALLS20','','',6,1,17,1,1),(352,1,11,15,'',NULL,NULL,'ALLS21','','',6,1,17,1,1),(355,1,11,15,'',NULL,NULL,'ALLS22','','',6,1,17,1,1),(356,1,11,15,'',NULL,NULL,'ALLS23','','',6,1,17,1,1),(358,1,11,15,'',NULL,NULL,'ALLS24','','',6,1,17,1,1),(361,1,11,15,'',NULL,NULL,'ALLS25','','',6,1,17,1,1),(363,1,11,15,'',NULL,NULL,'ALLS26','','',6,1,17,1,1),(366,1,11,15,'',NULL,NULL,'ALLS27','','',6,1,17,1,1),(369,1,11,15,'',NULL,NULL,'ALLS28','','',6,1,17,1,1),(373,1,11,15,'',NULL,NULL,'ALLS29','','',6,1,17,1,1),(375,1,11,15,'',NULL,NULL,'ALLS30','','',6,1,17,1,1),(377,1,11,15,'',NULL,NULL,'ALLS31','','',6,1,17,1,1),(380,1,11,15,'',NULL,NULL,'ALLS32','','',6,1,17,1,1),(384,1,11,15,'',NULL,NULL,'ALLS33','','',6,1,17,1,1),(386,1,11,15,'',NULL,NULL,'ALLS34','','',6,1,17,1,1),(388,1,11,15,'',NULL,NULL,'ALLS35','','',6,1,17,1,1),(390,1,11,15,'',NULL,NULL,'ALLS36','','',6,1,17,1,1),(394,1,11,15,'',NULL,NULL,'ALLS37','','',6,1,17,1,1),(396,1,11,15,'',NULL,NULL,'ALLS38','','',6,1,17,1,1),(397,1,11,15,'',NULL,NULL,'ALLS39','','',6,1,17,1,1),(399,1,11,15,'',NULL,NULL,'ALLS40','','',6,1,17,1,1),(401,1,11,15,'',NULL,NULL,'ALLS41','','',6,1,17,1,1),(402,1,11,15,'',NULL,NULL,'ALLS42','','',6,1,17,1,1),(405,1,11,15,'',NULL,NULL,'ALLS43','','',6,1,17,1,1),(408,1,11,15,'',NULL,NULL,'ALLS44','','',6,1,17,1,1),(411,1,11,15,'',NULL,NULL,'ALLS45','','',6,1,17,1,1),(414,1,11,15,'',NULL,NULL,'ALLS46','','',6,1,17,1,1),(416,1,11,15,'',NULL,NULL,'ALLS47','','',6,1,17,1,1),(420,1,11,15,'',NULL,NULL,'ALLS48','','',6,1,17,1,1),(423,1,11,15,'',NULL,NULL,'ALLS49','','',6,1,17,1,1),(424,1,11,15,'',NULL,NULL,'ALLS50','','',6,1,17,1,1),(427,1,11,15,'',NULL,NULL,'ALLS51','','',6,1,17,1,1),(430,1,11,15,'',NULL,NULL,'ALLS52','','',6,1,17,1,1),(432,1,11,15,'',NULL,NULL,'ALLS53','','',6,1,17,1,1),(436,1,11,15,'',NULL,NULL,'ALLS54','','',6,1,17,1,1),(440,1,11,15,'',NULL,NULL,'ALLS55','','',6,1,17,1,1),(446,1,11,15,'',NULL,NULL,'ALLS56','','',6,1,17,1,1),(455,1,11,15,'',NULL,NULL,'ALLS57','','',6,1,17,1,1),(466,1,11,15,'',NULL,NULL,'ALLS58','','',6,1,17,1,1),(477,1,11,15,'',NULL,NULL,'ALLS59','','',6,1,17,1,1),(481,1,11,15,'',NULL,NULL,'ALLS60','','',6,1,17,1,1),(483,1,11,15,'',NULL,NULL,'ALLS61','','',6,1,17,1,1),(484,1,11,15,'',NULL,NULL,'ALLS62','','',6,1,17,1,1),(491,1,11,15,'',NULL,NULL,'ALLS63','','',6,1,17,1,1),(496,1,5,14,'',NULL,NULL,'ALLS64','','',6,1,17,1,1),(497,1,9,14,'',NULL,NULL,'ALLD31','','',3,3,18,1,1),(498,1,5,15,'Doc',NULL,NULL,'ALLB28','','',2,1,17,1,1),(499,1,5,15,'Doc',NULL,NULL,'ALLB29','','',2,1,17,1,1),(500,1,5,15,'Doc',NULL,NULL,'ALLB30','','',2,1,17,1,1),(501,1,5,15,'Doc',NULL,NULL,'ALLB31','','',2,1,17,1,1),(502,1,5,15,'Doc',NULL,NULL,'ALLB32','','',2,1,17,1,1),(503,1,5,15,'Doc',NULL,NULL,'ALLB33','','',2,1,17,1,1),(504,1,5,15,'Doc',NULL,NULL,'ALLB34','','',2,1,17,1,1),(506,1,5,15,'Doc',NULL,NULL,'ALLB35','','',2,1,17,1,1),(508,1,5,15,'Doc',NULL,NULL,'ALLB36','','',2,1,17,1,1),(510,1,5,15,'Doc',NULL,NULL,'ALLB37','','',2,1,17,1,1),(512,1,5,15,'Doc',NULL,NULL,'ALLB38','','',2,1,17,1,1),(514,1,5,15,'Doc',NULL,NULL,'ALLB39','','',2,1,17,1,1),(516,1,5,15,'Doc',NULL,NULL,'ALLB40','','',2,1,17,1,1),(526,1,5,15,'Doc',NULL,NULL,'ALLB41','','',2,1,17,1,1),(530,1,5,15,'Doc',NULL,NULL,'ALLB42','','',2,1,17,1,1),(548,1,5,15,'Doc',NULL,NULL,'ALLB43','','',2,1,17,1,1),(571,1,5,15,'Doc',NULL,NULL,'ALLB44','','',2,1,17,1,1),(572,1,11,15,'',NULL,NULL,'ARTS9','','',7,1,17,1,1),(573,1,11,15,'',NULL,NULL,'ARTS10','','',7,1,17,1,1),(574,1,11,15,'',NULL,NULL,'ARTS11','','',7,1,17,1,1),(576,1,11,15,'',NULL,NULL,'ARTS12','','',7,1,17,1,1),(578,1,11,15,'',NULL,NULL,'ARTS13','','',7,1,17,1,1),(579,1,11,15,'',NULL,NULL,'ARTS14','','',7,1,17,1,1),(582,1,11,15,'',NULL,NULL,'ARTS15','','',7,1,17,1,1),(583,1,11,15,'',NULL,NULL,'ARTS16','','',7,1,17,1,1),(584,1,11,15,'',NULL,NULL,'ARTS17','','',7,1,17,1,1),(586,1,11,15,'',NULL,NULL,'ARTS18','','',7,1,17,1,1),(587,1,11,15,'',NULL,NULL,'ARTS19','','',7,1,17,1,1),(591,1,11,15,'',NULL,NULL,'ARTS20','','',7,1,17,1,1),(593,1,11,15,'',NULL,NULL,'ARTS21','','',7,1,17,1,1),(596,1,11,15,'',NULL,NULL,'ARTS22','','',7,1,17,1,1),(598,1,11,15,'',NULL,NULL,'ARTS23','','',7,1,17,1,1),(610,1,11,15,'',NULL,NULL,'ARTS24','','',7,1,17,1,1),(643,1,11,15,'',NULL,NULL,'ARTS25','','',7,1,17,1,1),(664,1,11,15,'',NULL,NULL,'ARTS26','','',7,1,17,1,1),(671,1,11,15,'',NULL,NULL,'ARTS27','','',7,1,17,1,1),(677,1,11,15,'',NULL,NULL,'ARTS28','','',7,1,17,1,1),(681,1,11,15,'',NULL,NULL,'ARTS29','','',7,1,17,1,1),(682,1,11,15,'',NULL,NULL,'ARTS30','','',7,1,17,1,1),(683,1,11,15,'',NULL,NULL,'ARTS31','','',7,1,17,1,1),(689,1,11,15,'',NULL,NULL,'ARTS32','','',7,1,17,1,1),(690,1,11,15,'',NULL,NULL,'ARTS33','','',7,1,17,1,1),(694,1,11,15,'',NULL,NULL,'ARTS34','','',7,1,17,1,1),(695,1,11,15,'',NULL,NULL,'ARTS35','','',7,1,17,1,1),(696,1,11,15,'',NULL,NULL,'ARTS36','','',7,1,17,1,1),(699,1,11,15,'',NULL,NULL,'ARTS37','','',7,1,17,1,1),(702,1,11,15,'',NULL,NULL,'ARTS38','','',7,1,17,1,1),(705,1,11,15,'',NULL,NULL,'ARTS39','','',7,1,17,1,1),(707,1,11,15,'',NULL,NULL,'ARTS40','','',7,1,17,1,1),(708,1,11,15,'',NULL,NULL,'ARTS41','','',7,1,17,1,1),(710,1,11,15,'',NULL,NULL,'ARTS42','','',7,1,17,1,1),(712,1,11,15,'',NULL,NULL,'ARTS43','','',7,1,17,1,1),(714,1,11,15,'',NULL,NULL,'ARTS44','','',7,1,17,1,1),(715,1,11,15,'',NULL,NULL,'ARTS45','','',7,1,17,1,1),(717,1,11,15,'',NULL,NULL,'ARTS46','','',7,1,17,1,1),(720,1,11,15,'',NULL,NULL,'ARTS47','','',7,1,17,1,1),(722,1,11,15,'',NULL,NULL,'ARTS48','','',7,1,17,1,1),(724,1,11,15,'',NULL,NULL,'ARTS49','','',7,1,17,1,1),(726,1,11,15,'',NULL,NULL,'ARTS50','','',7,1,17,1,1),(728,1,11,15,'',NULL,NULL,'ARTS51','','',7,1,17,1,1),(731,1,11,15,'',NULL,NULL,'ARTS52','','',7,1,17,1,1),(733,1,11,15,'',NULL,NULL,'ARTS53','','',7,1,17,1,1),(735,1,11,15,'',NULL,NULL,'ARTS54','','',7,1,17,1,1),(738,1,11,15,'',NULL,NULL,'ARTS56','','',7,1,17,1,1),(749,1,11,15,'',NULL,NULL,'ARTS55','','',7,1,17,1,1),(753,1,11,15,'',NULL,NULL,'ARTS58','','',7,1,17,1,1),(758,1,11,15,'',NULL,NULL,'ARTS59','','',7,1,17,1,1),(760,1,11,15,'',NULL,NULL,'ARTS57','','',7,1,17,1,1),(765,1,11,15,'',NULL,NULL,'ARTS60','','',7,1,17,1,1),(766,1,11,15,'',NULL,NULL,'ARTS62','','',7,1,17,1,1),(767,1,11,15,'',NULL,NULL,'ARTS61','','',7,1,17,1,1),(772,1,11,15,'',NULL,NULL,'ARTS63','','',7,1,17,1,1),(781,1,11,15,'',NULL,NULL,'ARTS64','','',7,1,17,1,1),(784,1,11,15,'',NULL,NULL,'ARTS65','','',7,1,17,1,1),(786,1,11,15,'',NULL,NULL,'ARTS66','','',7,1,17,1,1),(793,1,11,15,'',NULL,NULL,'ARTS67','','',7,1,17,1,1),(796,1,11,15,'',NULL,NULL,'ARTS68','','',7,1,17,1,1),(800,1,11,15,'',NULL,NULL,'ARTS69','','',7,1,17,1,1),(801,1,11,15,'',NULL,NULL,'ARTS70','','',7,1,17,1,1),(804,1,11,15,'',NULL,NULL,'ARTS71','','',7,1,17,1,1),(806,1,11,15,'',NULL,NULL,'ARTS72','','',7,1,17,1,1),(807,1,11,15,'',NULL,NULL,'ARTS73','','',7,1,17,1,1),(810,1,11,15,'',NULL,NULL,'ARTS74','','',7,1,17,1,1),(811,1,11,15,'',NULL,NULL,'ARTS75','','',7,1,17,1,1),(812,1,11,15,'',NULL,NULL,'ARTS76','','',7,1,17,1,1),(813,1,11,15,'',NULL,NULL,'ARTS77','','',7,1,17,1,1),(816,1,11,15,'',NULL,NULL,'ARTS78','','',7,1,17,1,1),(821,1,11,15,'',NULL,NULL,'ARTS79','','',7,1,17,1,1),(823,1,11,15,'',NULL,NULL,'ARTS81','','',7,1,17,1,1),(824,1,11,15,'',NULL,NULL,'ARTS80','','',7,1,17,1,1),(825,1,11,15,'',NULL,NULL,'ARTS82','','',7,1,17,1,1),(828,1,11,15,'',NULL,NULL,'ARTS83','','',7,1,17,1,1),(829,1,11,15,'',NULL,NULL,'ARTS84','','',7,1,17,1,1),(832,1,11,15,'',NULL,NULL,'ARTS85','','',7,1,17,1,1),(833,1,11,15,'',NULL,NULL,'ARTS86','','',7,1,17,1,1),(836,1,11,15,'',NULL,NULL,'ARTS87','','',7,1,17,1,1),(839,1,11,15,'',NULL,NULL,'ARTS88','','',7,1,17,1,1),(840,1,11,15,'',NULL,NULL,'ARTS89','','',7,1,17,1,1),(842,1,11,15,'',NULL,NULL,'ARTS90','','',7,1,17,1,1),(845,1,11,15,'',NULL,NULL,'ARTS91','','',7,1,17,1,1),(847,1,11,15,'',NULL,NULL,'ARTS92','','',7,1,17,1,1),(852,1,11,15,'',NULL,NULL,'ARTS93','','',7,1,17,1,1),(854,1,11,15,'',NULL,NULL,'ARTS94','','',7,1,17,1,1),(856,1,11,15,'',NULL,NULL,'ARTS95','','',7,1,17,1,1),(857,1,11,15,'',NULL,NULL,'ARTS96','','',7,1,17,1,1),(860,1,11,15,'',NULL,NULL,'ARTS97','','',7,1,17,1,1),(863,1,11,15,'',NULL,NULL,'ARTS98','','',7,1,17,1,1),(867,1,11,15,'',NULL,NULL,'ARTS99','','',7,1,17,1,1),(871,1,11,15,'',NULL,NULL,'ARTS100','','',7,1,17,1,1),(876,1,11,15,'',NULL,NULL,'ARTS101','','',7,1,17,1,1),(878,1,11,15,'',NULL,NULL,'ARTS102','','',7,1,17,1,1),(879,1,11,15,'',NULL,NULL,'ARTS103','','',7,1,17,1,1),(880,1,11,15,'',NULL,NULL,'ARTS104','','',7,1,17,1,1),(881,1,11,15,'',NULL,NULL,'ARTS105','','',7,1,17,1,1),(882,1,11,15,'',NULL,NULL,'ARTS106','','',7,1,17,1,1),(886,1,11,15,'',NULL,NULL,'ARTS107','','',7,1,17,1,1),(888,1,11,15,'',NULL,NULL,'ARTS108','','',7,1,17,1,1),(891,1,11,15,'',NULL,NULL,'ARTS109','','',7,1,17,1,1),(893,1,11,15,'',NULL,NULL,'ARTS110','','',7,1,17,1,1),(895,1,11,15,'',NULL,NULL,'ARTS111','','',7,1,17,1,1),(897,1,11,15,'',NULL,NULL,'ARTS112','','',7,1,17,1,1),(899,1,11,15,'',NULL,NULL,'ARTS113','','',7,1,17,1,1),(902,1,11,15,'',NULL,NULL,'ARTS114','','',7,1,17,1,1),(903,1,11,15,'',NULL,NULL,'ARTS115','','',7,1,17,1,1),(906,1,11,15,'',NULL,NULL,'ARTS116','','',7,1,17,1,1),(909,1,11,15,'',NULL,NULL,'ARTS117','','',7,1,17,1,1),(911,1,11,15,'',NULL,NULL,'ARTS118','','',7,1,17,1,1),(913,1,11,15,'',NULL,NULL,'ARTS119','','',7,1,17,1,1),(915,1,11,15,'',NULL,NULL,'ARTS120','','',7,1,17,1,1),(917,1,11,15,'',NULL,NULL,'ARTS121','','',7,1,17,1,1),(919,1,11,15,'',NULL,NULL,'ARTS122','','',7,1,17,1,1),(921,1,11,15,'',NULL,NULL,'ARTS123','','',7,1,17,1,1),(923,1,11,15,'',NULL,NULL,'ARTS124','','',7,1,17,1,1),(926,1,11,15,'',NULL,NULL,'ARTS125','','',7,1,17,1,1),(931,1,11,15,'',NULL,NULL,'ARTS126','','',7,1,17,1,1),(936,1,11,15,'',NULL,NULL,'ARTS127','','',7,1,17,1,1),(942,1,11,15,'',NULL,NULL,'ARTS128','','',7,1,17,1,1),(946,1,11,15,'',NULL,NULL,'ARTS129','','',7,1,17,1,1),(953,1,11,15,'',NULL,NULL,'ARTS130','','',7,1,17,1,1),(956,1,11,15,'',NULL,NULL,'ARTS131','','',7,1,17,1,1),(958,1,27,15,'',NULL,NULL,'ALLD32','','',3,2,17,1,1),(959,1,9,15,'',NULL,NULL,'ALLD33','','',3,3,17,1,1),(960,1,23,1,'petit descriptif',NULL,NULL,'ALLS65','15Chezmoi','chez toi ',6,1,17,1,2),(961,1,7,1,'TicketAndroid :)',NULL,NULL,'Code06',NULL,NULL,1,3,14,1,2),(962,1,7,1,'TicketAndroid :)',NULL,NULL,'ALLA49',NULL,NULL,1,3,14,1,2),(963,1,7,1,'TicketAndroid :)',NULL,NULL,'ALLB45',NULL,NULL,2,3,17,1,2),(964,1,10,1,'TicketAndroid :)',NULL,NULL,'ALLJ21','13','1',5,2,17,1,2),(965,1,5,1,'TicketAndroid :)',NULL,NULL,'ALLA63','','',1,1,15,1,2),(966,1,5,1,'TicketAndroid :)',NULL,NULL,'ALLA64','','',1,1,15,1,2),(967,1,5,1,'TicketAndroid :)',NULL,NULL,'ALLA65','','',1,1,15,1,2),(968,1,11,1,'',NULL,NULL,'ALLJ22','','',5,1,17,1,1),(969,1,5,1,'',NULL,NULL,'ALLJ23','','',5,1,17,1,1),(970,1,5,1,'TicketAndroid :)',NULL,NULL,'ALLA66','','',1,1,17,1,2),(971,1,5,1,'TicketAndroid :)',NULL,NULL,'ALLA67','','',1,1,17,1,2),(972,1,5,1,'TicketAndroid :)',NULL,NULL,'ALLA68','','',1,1,17,1,2),(973,1,5,1,'TicketAndroid :)',NULL,NULL,'ALLA69','','',1,1,17,1,2),(974,1,5,1,'TicketAndroid :)',NULL,NULL,'ALLA70','','',1,1,17,1,2),(975,1,5,1,'TicketAndroid :)',NULL,NULL,'ALLA71','','',1,1,17,1,2),(976,1,5,1,'TicketAndroid :)',NULL,NULL,'ALLA72','','',1,1,17,1,2),(977,1,5,1,'TicketAndroid :)',NULL,NULL,'ALLA73','52366','9964',1,1,17,1,2),(978,1,5,1,'TicketAndroid :)',NULL,NULL,'ALLA74','','',1,1,17,1,2),(979,1,5,1,'TicketAndroid :)',NULL,NULL,'ALLA75','','',1,1,17,1,2),(980,1,5,1,'TicketAndroid: ',NULL,NULL,'ALLA76','','',1,1,17,1,2),(981,1,5,1,'TicketAndroid: ',NULL,NULL,'ALLA77','','',1,1,17,1,2),(982,1,5,1,'TicketAndroid: ',NULL,NULL,'ALLA78','','',1,1,17,1,2),(983,1,5,1,'TicketAndroid :)',NULL,NULL,'ALLB46','','',2,1,14,1,2),(984,1,7,1,'TicketAndroid :)',NULL,NULL,'ALLA79','','',1,3,1,1,2),(985,1,7,1,'TicketAndroid :)',NULL,NULL,'ALLA80','','',1,3,1,1,2),(986,1,7,1,'TicketAndroid :)',NULL,NULL,'ALLA81','','',1,3,1,1,2),(987,1,7,1,'TicketAndroid :)',NULL,NULL,'ALLA82','','',1,3,14,1,2),(988,1,7,1,'TicketAndroid: ',NULL,NULL,'ALLA83','','',1,3,17,1,2),(989,1,11,1,'TicketAndroid: ',NULL,NULL,'ALLF49','','',4,1,17,1,2),(990,1,31,1,'TicketAndroid: 674',NULL,NULL,'AUDE3','25','674',10,1,17,1,2),(991,1,7,1,'TicketAndroid: ',NULL,NULL,'ALLA84','','',1,3,17,1,2),(992,1,7,1,'TicketAndroid: 236985474',NULL,NULL,'ALLA85','52','236985474',1,3,17,1,2),(993,1,7,1,'TicketAndroid: test',NULL,NULL,'ALLA86','','5855',1,3,17,1,2),(994,1,5,1,'',NULL,NULL,'ALLB47','','',2,1,17,1,1),(995,1,5,1,'',NULL,NULL,'ALLB48','','',2,1,17,1,1),(996,1,5,1,'',NULL,NULL,'ALLB49','','',2,1,17,1,1),(997,1,5,1,'',NULL,NULL,'ALLB50','','',2,1,17,1,1),(998,1,5,1,'',NULL,NULL,'ALLB51','','',2,1,17,1,1),(1000,1,5,1,'',NULL,NULL,'ALLB52','','',2,1,17,1,1),(1001,1,5,1,'',NULL,NULL,'ALLB53','','',2,1,17,1,1),(1002,1,5,1,'',NULL,NULL,'ALLB54','','',2,1,17,1,1),(1003,1,5,1,'',NULL,NULL,'ALLB55','','',2,1,17,1,1),(1004,1,5,1,'',NULL,NULL,'ALLB56','','',2,1,17,1,1),(1005,1,5,1,'',NULL,NULL,'ALLB57','','',2,1,17,1,1),(1007,1,5,1,'',NULL,NULL,'ALLB58','','',2,1,17,1,1),(1008,1,5,1,'',NULL,NULL,'ALLB59','','',2,1,17,1,1),(1009,1,5,1,'',NULL,NULL,'ALLB60','','',2,1,17,1,1),(1012,1,5,1,'',NULL,NULL,'ALLB61','','',2,1,17,1,1),(1014,1,5,1,'',NULL,NULL,'ALLB62','','',2,1,17,1,1),(1019,1,5,1,'',NULL,NULL,'ALLB63','','',2,1,17,1,1),(1023,1,5,1,'',NULL,NULL,'ALLB64','','',2,1,17,1,1),(1024,1,5,1,'',NULL,NULL,'ALLB65','','',2,1,17,1,1),(1025,1,5,1,'',NULL,NULL,'ALLB66','','',2,1,17,1,1),(1026,1,5,1,'',NULL,NULL,'ALLB67','','',2,1,17,1,1),(1027,1,5,1,'',NULL,NULL,'ALLB68','','',2,1,17,1,1),(1028,1,5,1,'',NULL,NULL,'ALLB69','','',2,1,17,1,1),(1029,1,5,1,'',NULL,NULL,'ALLB70','','',2,1,17,1,1),(1030,1,5,1,'',NULL,NULL,'ALLB71','','',2,1,17,1,1),(1031,1,5,1,'',NULL,NULL,'ALLB72','','',2,1,17,1,1),(1032,1,5,1,'',NULL,NULL,'ALLB73','','',2,1,17,1,1),(1033,1,5,1,'',NULL,NULL,'ALLB74','','',2,1,17,1,1),(1034,1,5,1,'',NULL,NULL,'ALLB75','','',2,1,17,1,1),(1035,1,5,1,'',NULL,NULL,'ALLB76','','',2,1,17,1,1),(1036,1,5,1,'',NULL,NULL,'ALLB77','','',2,1,17,1,1),(1037,1,5,1,'',NULL,NULL,'ALLB78','','',2,1,17,1,1),(1038,1,5,1,'',NULL,NULL,'ALLB79','','',2,1,17,1,1),(1039,1,5,1,'',NULL,NULL,'ALLB80','','',2,1,17,1,1),(1040,1,5,1,'',NULL,NULL,'ALLB81','','',2,1,17,1,1),(1043,1,5,1,'',NULL,NULL,'ALLB82','','',2,1,17,1,1),(1044,1,5,1,'',NULL,NULL,'ALLB83','','',2,1,17,1,1),(1047,1,5,1,'',NULL,NULL,'ALLB84','','',2,1,17,1,1),(1050,1,5,1,'',NULL,NULL,'ALLB85','','',2,1,17,1,1),(1052,1,5,1,'',NULL,NULL,'ALLB86','','',2,1,17,1,1),(1053,1,5,1,'',NULL,NULL,'ALLB87','','',2,1,17,1,1),(1054,1,5,1,'',NULL,NULL,'ALLB89','','',2,1,17,1,1),(1055,1,5,1,'',NULL,NULL,'ALLB88','','',2,1,17,1,1),(1057,1,5,1,'',NULL,NULL,'ALLB90','','',2,1,17,1,1),(1058,1,5,1,'',NULL,NULL,'ALLB91','','',2,1,17,1,1),(1061,1,5,1,'',NULL,NULL,'ALLB92','','',2,1,17,1,1),(1063,1,5,1,'',NULL,NULL,'ALLB93','','',2,1,17,1,1),(1064,1,5,1,'',NULL,NULL,'ALLB94','','',2,1,17,1,1),(1066,1,5,1,'',NULL,NULL,'ALLB95','','',2,1,17,1,1),(1067,1,5,1,'',NULL,NULL,'ALLB97','','',2,1,17,1,1),(1070,1,5,1,'',NULL,NULL,'ALLB96','','',2,1,17,1,1),(1076,1,5,1,'',NULL,NULL,'ALLB98','','',2,1,17,1,1),(1080,1,5,1,'',NULL,NULL,'ALLB100','','',2,1,17,1,1),(1081,1,5,1,'',NULL,NULL,'ALLB99','','',2,1,17,1,1),(1085,1,5,1,'',NULL,NULL,'ALLB101','','',2,1,17,1,1),(1088,1,5,1,'',NULL,NULL,'ALLB102','','',2,1,17,1,1),(1090,1,5,1,'',NULL,NULL,'ALLB103','','',2,1,17,1,1),(1091,1,5,1,'',NULL,NULL,'ALLB104','','',2,1,17,1,1),(1093,1,5,1,'',NULL,NULL,'ALLB105','','',2,1,17,1,1),(1095,1,5,1,'',NULL,NULL,'ALLB106','','',2,1,17,1,1),(1096,1,5,1,'',NULL,NULL,'ALLB107','','',2,1,17,1,1),(1099,1,5,1,'',NULL,NULL,'ALLB108','','',2,1,17,1,1),(1104,1,5,1,'',NULL,NULL,'ALLB109','','',2,1,17,1,1),(1113,1,5,1,'',NULL,NULL,'ALLB110','','',2,1,17,1,1),(1117,1,5,1,'',NULL,NULL,'ALLB111','','',2,1,17,1,1),(1121,1,5,1,'',NULL,NULL,'ALLB112','','',2,1,17,1,1),(1122,1,5,1,'',NULL,NULL,'ALLB113','','',2,1,17,1,1),(1124,1,5,1,'',NULL,NULL,'ALLB114','','',2,1,17,1,1),(1125,1,5,1,'',NULL,NULL,'ALLB115','','',2,1,17,1,1),(1126,1,5,1,'',NULL,NULL,'ALLB116','','',2,1,17,1,1),(1127,1,5,1,'',NULL,NULL,'ALLB117','','',2,1,17,1,1),(1128,1,5,1,'',NULL,NULL,'ALLB118','','',2,1,17,1,1),(1135,1,5,1,'',NULL,NULL,'ALLB119','','',2,1,17,1,1),(1139,1,5,1,'',NULL,NULL,'ALLB120','','',2,1,17,1,1),(1141,1,5,1,'',NULL,NULL,'ALLB121','','',2,1,17,1,1),(1143,1,5,1,'',NULL,NULL,'ALLB122','','',2,1,17,1,1),(1145,1,5,1,'',NULL,NULL,'ALLB123','','',2,1,17,1,1),(1146,1,5,1,'',NULL,NULL,'ALLB124','','',2,1,17,1,1),(1150,1,5,1,'',NULL,NULL,'ALLB125','','',2,1,17,1,1),(1151,1,5,1,'',NULL,NULL,'ALLB126','','',2,1,17,1,1),(1152,1,5,1,'',NULL,NULL,'ALLB127','','',2,1,17,1,1),(1153,1,5,1,'',NULL,NULL,'ALLB128','','',2,1,17,1,1),(1157,1,5,1,'',NULL,NULL,'ALLB129','','',2,1,17,1,1),(1159,1,5,1,'',NULL,NULL,'ALLB130','','',2,1,17,1,1),(1162,1,5,1,'',NULL,NULL,'ALLB131','','',2,1,17,1,1),(1169,1,5,1,'',NULL,NULL,'ALLB132','','',2,1,17,1,1),(1172,1,5,1,'',NULL,NULL,'ALLB133','','',2,1,17,1,1),(1173,1,5,1,'',NULL,NULL,'ALLB137','','',2,1,17,1,1),(1174,1,5,1,'',NULL,NULL,'ALLB134','','',2,1,17,1,1),(1175,1,5,1,'',NULL,NULL,'ALLB135','','',2,1,17,1,1),(1177,1,5,1,'',NULL,NULL,'ALLB136','','',2,1,17,1,1),(1178,1,5,1,'',NULL,NULL,'ALLB138','','',2,1,17,1,1),(1180,1,5,1,'',NULL,NULL,'ALLB139','','',2,1,17,1,1),(1181,1,5,1,'',NULL,NULL,'ALLB140','','',2,1,17,1,1),(1182,1,5,1,'',NULL,NULL,'ALLB141','','',2,1,17,1,1),(1183,1,5,1,'',NULL,NULL,'ALLB142','','',2,1,17,1,1),(1184,1,5,1,'',NULL,NULL,'ALLB143','','',2,1,17,1,1),(1186,1,5,1,'',NULL,NULL,'ALLB144','','',2,1,17,1,1),(1187,1,5,1,'',NULL,NULL,'ALLB145','','',2,1,17,1,1),(1189,1,5,1,'',NULL,NULL,'ALLB147','','',2,1,17,1,1),(1199,1,5,1,'',NULL,NULL,'ALLB146','','',2,1,17,1,1),(1204,1,5,1,'',NULL,NULL,'ALLB148','','',2,1,17,1,1),(1212,1,5,1,'',NULL,NULL,'ALLB149','','',2,1,17,1,1),(1220,1,5,1,'',NULL,NULL,'ALLB154','','',2,1,17,1,1),(1221,1,5,1,'',NULL,NULL,'ALLB151','','',2,1,17,1,1),(1222,1,5,1,'',NULL,NULL,'ALLB152','','',2,1,17,1,1),(1223,1,5,1,'',NULL,NULL,'ALLB153','','',2,1,17,1,1),(1224,1,5,1,'',NULL,NULL,'ALLB150','','',2,1,17,1,1),(1226,1,5,1,'',NULL,NULL,'ALLB155','','',2,1,17,1,1),(1228,1,5,1,'',NULL,NULL,'ALLB156','','',2,1,17,1,1),(1231,1,5,1,'',NULL,NULL,'ALLB157','','',2,1,17,1,1),(1233,1,5,1,'',NULL,NULL,'ALLB158','','',2,1,17,1,1),(1234,1,5,1,'',NULL,NULL,'ALLB159','','',2,1,17,1,1),(1235,1,5,1,'',NULL,NULL,'ALLB160','','',2,1,17,1,1),(1236,1,5,1,'',NULL,NULL,'ALLB161','','',2,1,17,1,1),(1238,1,5,1,'',NULL,NULL,'ALLB162','','',2,1,17,1,1),(1248,1,5,1,'',NULL,NULL,'ALLB164','','',2,1,17,1,1),(1250,1,5,1,'',NULL,NULL,'ALLB163','','',2,1,17,1,1),(1253,1,5,1,'',NULL,NULL,'ALLB165','','',2,1,17,1,1),(1254,1,5,1,'',NULL,NULL,'ALLB166','','',2,1,17,1,1),(1256,1,5,1,'',NULL,NULL,'ALLB167','','',2,1,17,1,1),(1257,1,5,1,'',NULL,NULL,'ALLB168','','',2,1,17,1,1),(1259,1,5,1,'',NULL,NULL,'ALLB169','','',2,1,17,1,1),(1260,1,5,1,'',NULL,NULL,'ALLB170','','',2,1,17,1,1),(1262,1,5,1,'',NULL,NULL,'ALLB171','','',2,1,17,1,1),(1263,1,5,1,'',NULL,NULL,'ALLB172','','',2,1,17,1,1),(1264,1,5,1,'',NULL,NULL,'ALLB173','','',2,1,17,1,1),(1265,1,5,1,'',NULL,NULL,'ALLB174','','',2,1,17,1,1),(1267,1,5,1,'',NULL,NULL,'ALLB175','','',2,1,17,1,1),(1271,1,5,1,'',NULL,NULL,'ALLB176','','',2,1,17,1,1),(1272,1,5,1,'',NULL,NULL,'ALLB177','','',2,1,17,1,1),(1273,1,5,1,'',NULL,NULL,'ALLB178','','',2,1,17,1,1),(1281,1,5,1,'',NULL,NULL,'ALLB179','','',2,1,17,1,1),(1283,1,5,1,'',NULL,NULL,'ALLB180','','',2,1,17,1,1),(1285,1,5,1,'',NULL,NULL,'ALLB181','','',2,1,17,1,1),(1287,1,5,1,'',NULL,NULL,'ALLB182','','',2,1,17,1,1),(1290,1,5,1,'',NULL,NULL,'ALLB183','','',2,1,17,1,1),(1292,1,5,1,'',NULL,NULL,'ALLB184','','',2,1,17,1,1),(1293,1,5,1,'',NULL,NULL,'ALLB185','','',2,1,17,1,1),(1294,1,5,1,'',NULL,NULL,'ALLB186','','',2,1,17,1,1),(1296,1,5,1,'',NULL,NULL,'ALLB187','','',2,1,17,1,1),(1298,1,5,1,'',NULL,NULL,'ALLB188','','',2,1,17,1,1),(1299,1,5,1,'',NULL,NULL,'ALLB189','','',2,1,17,1,1),(1303,1,5,1,'',NULL,NULL,'ALLB190','','',2,1,17,1,1),(1310,1,5,1,'',NULL,NULL,'ALLB191','','',2,1,17,1,1),(1314,1,5,1,'',NULL,NULL,'ALLB192','','',2,1,17,1,1),(1317,1,5,1,'',NULL,NULL,'ALLB193','','',2,1,17,1,1),(1318,1,5,1,'',NULL,NULL,'ALLB195','','',2,1,17,1,1),(1320,1,5,1,'',NULL,NULL,'ALLB194','','',2,1,17,1,1),(1322,1,5,1,'',NULL,NULL,'ALLB196','','',2,1,17,1,1),(1324,1,5,1,'',NULL,NULL,'ALLB197','','',2,1,17,1,1),(1325,1,5,1,'',NULL,NULL,'ALLB198','','',2,1,17,1,1),(1326,1,5,1,'',NULL,NULL,'ALLB199','','',2,1,17,1,1),(1327,1,5,1,'',NULL,NULL,'ALLB200','','',2,1,17,1,1),(1330,1,5,1,'',NULL,NULL,'ALLB201','','',2,1,17,1,1),(1331,1,5,1,'',NULL,NULL,'ALLB202','','',2,1,17,1,1),(1332,1,5,1,'',NULL,NULL,'ALLB203','','',2,1,17,1,1),(1336,1,5,1,'',NULL,NULL,'ALLB204','','',2,1,17,1,1),(1338,1,5,1,'',NULL,NULL,'ALLB205','','',2,1,17,1,1),(1339,1,5,1,'',NULL,NULL,'ALLB208','','',2,1,17,1,1),(1340,1,5,1,'',NULL,NULL,'ALLB206','','',2,1,17,1,1),(1341,1,5,1,'',NULL,NULL,'ALLB207','','',2,1,17,1,1),(1344,1,5,1,'',NULL,NULL,'ALLB209','','',2,1,17,1,1),(1347,1,5,1,'',NULL,NULL,'ALLB210','','',2,1,17,1,1),(1348,1,5,1,'',NULL,NULL,'ALLB211','','',2,1,17,1,1),(1349,1,5,1,'',NULL,NULL,'ALLB212','','',2,1,17,1,1),(1351,1,5,1,'',NULL,NULL,'ALLB213','','',2,1,17,1,1),(1352,1,5,1,'',NULL,NULL,'ALLB214','','',2,1,17,1,1),(1353,1,5,1,'',NULL,NULL,'ALLB215','','',2,1,17,1,1),(1355,1,5,1,'',NULL,NULL,'ALLB217','','',2,1,17,1,1),(1357,1,5,1,'',NULL,NULL,'ALLB216','','',2,1,17,1,1),(1358,1,5,1,'',NULL,NULL,'ALLB218','','',2,1,17,1,1),(1360,1,5,1,'',NULL,NULL,'ALLB219','','',2,1,17,1,1),(1361,1,5,1,'',NULL,NULL,'ALLB221','','',2,1,17,1,1),(1362,1,5,1,'',NULL,NULL,'ALLB220','','',2,1,17,1,1),(1363,1,5,1,'',NULL,NULL,'ALLB222','','',2,1,17,1,1),(1364,1,5,1,'',NULL,NULL,'ALLB223','','',2,1,17,1,1),(1366,1,5,1,'',NULL,NULL,'ALLB224','','',2,1,17,1,1),(1368,1,5,1,'',NULL,NULL,'ALLB225','','',2,1,17,1,1),(1370,1,5,1,'',NULL,NULL,'ALLB226','','',2,1,17,1,1),(1372,1,5,1,'',NULL,NULL,'ALLB227','','',2,1,17,1,1),(1377,1,5,1,'',NULL,NULL,'ALLB228','','',2,1,17,1,1),(1378,1,5,1,'',NULL,NULL,'ALLB229','','',2,1,17,1,1),(1379,1,5,1,'',NULL,NULL,'ALLB230','','',2,1,17,1,1),(1380,1,5,1,'',NULL,NULL,'ALLB232','','',2,1,17,1,1),(1381,1,5,1,'',NULL,NULL,'ALLB231','','',2,1,17,1,1),(1382,1,5,1,'',NULL,NULL,'ALLB233','','',2,1,17,1,1),(1384,1,5,1,'',NULL,NULL,'ALLB234','','',2,1,17,1,1),(1386,1,5,1,'',NULL,NULL,'ALLB235','','',2,1,17,1,1),(1389,1,5,1,'',NULL,NULL,'ALLB236','','',2,1,17,1,1),(1391,1,5,1,'',NULL,NULL,'ALLB237','','',2,1,17,1,1),(1393,1,5,1,'',NULL,NULL,'ALLB238','','',2,1,17,1,1),(1394,1,5,1,'',NULL,NULL,'ALLB239','','',2,1,17,1,1),(1395,1,5,1,'',NULL,NULL,'ALLB240','','',2,1,17,1,1),(1400,1,5,1,'',NULL,NULL,'ALLB241','','',2,1,17,1,1),(1401,1,5,1,'',NULL,NULL,'ALLB242','','',2,1,17,1,1),(1403,1,5,1,'',NULL,NULL,'ALLB243','','',2,1,17,1,1),(1405,1,5,1,'',NULL,NULL,'ALLB244','','',2,1,17,1,1),(1407,1,5,1,'',NULL,NULL,'ALLB245','','',2,1,17,1,1),(1408,1,5,1,'',NULL,NULL,'ALLB246','','',2,1,17,1,1),(1410,1,5,1,'',NULL,NULL,'ALLB247','','',2,1,17,1,1),(1411,1,5,1,'',NULL,NULL,'ALLB249','','',2,1,17,1,1),(1412,1,5,1,'',NULL,NULL,'ALLB248','','',2,1,17,1,1),(1413,1,5,1,'',NULL,NULL,'ALLB250','','',2,1,17,1,1),(1415,1,5,1,'',NULL,NULL,'ALLB251','','',2,1,17,1,1),(1416,1,5,1,'',NULL,NULL,'ALLB252','','',2,1,17,1,1),(1418,1,5,1,'',NULL,NULL,'ALLB253','','',2,1,17,1,1),(1425,1,5,1,'',NULL,NULL,'ALLB254','','',2,1,17,1,1),(1426,1,5,1,'',NULL,NULL,'ALLB255','','',2,1,17,1,1),(1427,1,5,1,'',NULL,NULL,'ALLB256','','',2,1,17,1,1),(1429,1,5,1,'',NULL,NULL,'ALLB257','','',2,1,17,1,1),(1430,1,5,1,'',NULL,NULL,'ALLB258','','',2,1,17,1,1),(1433,1,5,1,'',NULL,NULL,'ALLB259','','',2,1,17,1,1),(1436,1,5,1,'',NULL,NULL,'ALLB260','','',2,1,17,1,1),(1439,1,5,1,'',NULL,NULL,'ALLB262','','',2,1,17,1,1),(1440,1,5,1,'',NULL,NULL,'ALLB261','','',2,1,17,1,1),(1442,1,5,1,'',NULL,NULL,'ALLB263','','',2,1,17,1,1),(1445,1,5,1,'',NULL,NULL,'ALLB264','','',2,1,17,1,1),(1447,1,5,1,'',NULL,NULL,'ALLB265','','',2,1,17,1,1),(1448,1,5,1,'',NULL,NULL,'ALLB266','','',2,1,17,1,1),(1450,1,5,1,'',NULL,NULL,'ALLB267','','',2,1,17,1,1),(1453,1,5,1,'',NULL,NULL,'ALLB268','','',2,1,17,1,1),(1455,1,5,1,'',NULL,NULL,'ALLB269','','',2,1,17,1,1),(1456,1,5,1,'',NULL,NULL,'ALLB270','','',2,1,17,1,1),(1458,1,5,1,'',NULL,NULL,'ALLB271','','',2,1,17,1,1),(1460,1,5,1,'',NULL,NULL,'ALLB272','','',2,1,17,1,1),(1462,1,5,1,'',NULL,NULL,'ALLB273','','',2,1,17,1,1),(1463,1,5,1,'',NULL,NULL,'ALLB274','','',2,1,17,1,1),(1466,1,5,1,'',NULL,NULL,'ALLB276','','',2,1,17,1,1),(1467,1,5,1,'',NULL,NULL,'ALLB275','','',2,1,17,1,1),(1468,1,5,1,'',NULL,NULL,'ALLB278','','',2,1,17,1,1),(1470,1,5,1,'',NULL,NULL,'ALLB277','','',2,1,17,1,1),(1473,1,5,1,'',NULL,NULL,'ALLB280','','',2,1,17,1,1),(1476,1,5,1,'',NULL,NULL,'ALLB279','','',2,1,17,1,1),(1483,1,5,1,'',NULL,NULL,'ALLB281','','',2,1,17,1,1),(1497,1,5,1,'',NULL,NULL,'ALLB282','','',2,1,17,1,1),(1498,1,5,1,'',NULL,NULL,'ALLB283','','',2,1,17,1,1),(1499,1,5,1,'',NULL,NULL,'ALLB286','','',2,1,17,1,1),(1500,1,5,1,'',NULL,NULL,'ALLB285','','',2,1,17,1,1),(1501,1,5,1,'',NULL,NULL,'ALLB284','','',2,1,17,1,1),(1502,1,5,1,'',NULL,NULL,'ALLB287','','',2,1,17,1,1),(1507,1,5,1,'',NULL,NULL,'ALLB289','','',2,1,17,1,1),(1508,1,5,1,'',NULL,NULL,'ALLB288','','',2,1,17,1,1),(1509,1,5,1,'',NULL,NULL,'ALLB290','','',2,1,17,1,1),(1510,1,5,1,'',NULL,NULL,'ALLB291','','',2,1,17,1,1),(1511,1,5,1,'',NULL,NULL,'ALLB292','','',2,1,17,1,1),(1512,1,5,1,'',NULL,NULL,'ALLB293','','',2,1,17,1,1),(1513,1,5,1,'',NULL,NULL,'ALLB294','','',2,1,17,1,1),(1514,1,5,1,'',NULL,NULL,'ALLB295','','',2,1,17,1,1),(1515,1,5,1,'',NULL,NULL,'ALLB297','','',2,1,17,1,1),(1516,1,5,1,'',NULL,NULL,'ALLB296','','',2,1,17,1,1),(1517,1,5,1,'',NULL,NULL,'ALLB298','','',2,1,17,1,1),(1518,1,5,1,'',NULL,NULL,'ALLB299','','',2,1,17,1,1),(1519,1,5,1,'',NULL,NULL,'ALLB300','','',2,1,17,1,1),(1520,1,5,1,'',NULL,NULL,'ALLB301','','',2,1,17,1,1),(1522,1,5,1,'',NULL,NULL,'ALLB302','','',2,1,17,1,1),(1523,1,5,1,'',NULL,NULL,'ALLB303','','',2,1,17,1,1),(1524,1,5,1,'',NULL,NULL,'ALLB304','','',2,1,17,1,1),(1526,1,5,1,'',NULL,NULL,'ALLB305','','',2,1,17,1,1),(1527,1,5,1,'',NULL,NULL,'ALLB306','','',2,1,17,1,1),(1528,1,5,1,'',NULL,NULL,'ALLB307','','',2,1,17,1,1),(1532,1,5,1,'',NULL,NULL,'ALLB309','','',2,1,17,1,1),(1534,1,5,1,'',NULL,NULL,'ALLB308','','',2,1,17,1,1),(1535,1,5,1,'',NULL,NULL,'ALLB310','','',2,1,17,1,1),(1537,1,5,1,'',NULL,NULL,'ALLB311','','',2,1,17,1,1),(1538,1,5,1,'',NULL,NULL,'ALLB312','','',2,1,17,1,1),(1539,1,5,1,'',NULL,NULL,'ALLB313','','',2,1,17,1,1),(1540,1,5,1,'',NULL,NULL,'ALLB314','','',2,1,17,1,1),(1541,1,7,1,'',NULL,NULL,'ALLD35','','',3,3,17,1,1);

/*Data for the table `w3sys_trad` */

insert  into `w3sys_trad`(`id`,`fr`,`en`,`nl`,`code`) values (1,'','','',''),(2,'Action(s)','Action(s)','Actie(s)','Actions'),(3,'Tickets cloturés','Tickets closed','Tickets gesloten','AdminClosedTitre'),(4,'Tickets en cours de traitement','Tickets in progress','Tickets in uitvoering','AdminInProgressTitre'),(5,'Nouveaux tickets ','New tickets','Nieuwe tickets','AdminOpenedTitre'),(6,'Tous les tickets','All tickets','Alle tickets','AdminTitre'),(7,'Tickets en cours de traitement','Tickets in progress ','Tickets in uitvoering ','AdminTraitementTitre'),(8,'Nombre de ticket par entreprises (pour tous les tickets)','Ticket\'s number by entreprise (all tickets)','Aantal tickets per vennootschap (alle tickets)','AjaxFrenquenceEntreprise'),(9,'Nombre de ticket par statut (Bâtiment: ','Ticket\'s number by status (Building: ','Aantal tickets per staat (Gebouw: ','AjaxFrequenceStatutTicket'),(10,'Nombre de ticket par catégorie (Bâtiment : ','Ticket\'s number by categorie (Building : ','Aantal tickets per categorie (Gebouw : ','AjaxFrequenceUnBatiment'),(11,' cloturé(s)',' closed',' gesloten','AjaxStatutClosed'),(12,' en cours de traitement',' in progress',' aan de gang','AjaxStatutInProgress'),(13,' nouveau(x)',' new',' nieuw','AjaxStatutNew'),(14,'Nombre de ticket par statut (Tous les bâtiments)','Ticket\'s number by status  (all buildings)','Aantal tickets per staat (alle gebouwen)','AjaxStatutTicket'),(15,'Nombre de ticket par catégorie (Tous les bâtiments)','Ticket\'s number by categorie (all buildings)','Aantal tickets per categorie (alle gebouwen)','AjaxTitre'),(16,'Tous les bâtiments','All buildings','Alle gebouwen','AllBatiment'),(17,'Tous les canaux','All channels','Alle kanalen','AllCanal'),(18,'Ampoule / néon défectueux','Bulb /defective neon','Gloeilamp /defecte neon','Ampoule / néon défectueux'),(19,'A Propos','About','Over ons','APropos'),(20,'Arrêt','Stuck','Stop','Arrêt'),(21,'Ascenseur en panne','Stuck lift','Kapotte lift','Ascenseur en panne'),(22,'Ascenseurs','Lift','Lift','Ascenseurs'),(23,'Autre','Other','Aanderen','Autre'),(24,'Badge défectueux','Defective badge','Defecte badge','Badge défectueux'),(25,'Bâtiment','Building','Gebouw','BatimentTicket'),(26,'B&acirc;timent','Building','Gebouw','BatimentTicketCirc'),(27,'Bureau','Office','Officie','BureauTicket'),(28,'Cloturer le ticket','Close ticket','Sluit het ticket','ButtonClose'),(29,'Créer','Create','Maaken','ButtonCreer'),(30,'Passer en traitement','Put in progress','Voeren behandeling','ButtonTraitement'),(31,'Caméra défectueuse','Defective security camera','Defecte camera','Caméra défectueuse'),(32,'Voie de création','Way of creation','Manier van de schepping','CanalTicket'),(33,'Sous-cat&eacute;gorie','Sub-category','Subcategorie','CategorieTicket'),(34,'Cat&eacute;gorie','Category','Categorie','CategTicket'),(35,'Chasse d\'eau défectueuse','Defective flush','Defecte waterspoeling','Chasse d\'eau défectueuse'),(36,'Climatisation en panne','Broken down air conditioner','Uitgesplitst airconditioner','Climatisation en panne'),(37,'Clôture du ticket ','Closing of ticket ','Sluitend van ticket ','CloseTitre'),(38,'Cloturé','Closed ','Gesloten','Cloturé'),(39,'Code du ticket','Ticket code ','Ticket code ','CodeTicket'),(40,'Connexion','Login','Inloggen','Connexion'),(41,'Connexion','Login','Inloggen','ConnexionButton'),(42,'Connexion','Login','Inloggen','ConnexionTitre'),(43,'Contact','Contact','Contact','Contact'),(44,'Créer un bâtiment','Create a building','Maaken een gebouw','CreateBatiment'),(45,'Créer un nouveau ticket','Create a new ticket','Maaken een nieuw ticket','CreateTitre'),(46,'Créer','Create','Creer','Creer'),(47,'Créer un locataire','Create a roomate','Maak een huurder','CreerLocataire'),(48,'Créer un nouveau ticket','Create a new ticket','Maak een nieuw ticket','CreerTicket'),(49,'Créer un utilisateur','Create a user','Maaken een gebruiker','CreerUtilisateur'),(50,'Tableaux de bord','Dashboard','Dashboard','DashBoard'),(51,'Date d\'intervention ',' Intervention date','Interventie datum','DateIntervention'),(52,'Date d\'intervention','Response time /!\\ ','Reactie datum','DateInterventionTicket'),(53,'Déblayage','Clearing','Uitmesten','Déblayage'),(54,'Déconnexion','Logout','Uitloggen','DeConnexion'),(55,'Description','Description','Beschrijving','DescriptifTicket'),(56,'Détecteur d\'incendie défectueux','Defective fire alarm','Brandmelder defect','Détecteur d\'incendie défectueux'),(57,'Divers','Miscellaneous','Diversen','Divers'),(58,'Tous Droits Réservés.','All Rights Reserved.','Alle rechten voorbehouden.','DroitsReserve'),(59,'Electricité','Electricity','Elektriciteit','Electricité'),(60,'Email : ','Email : ','Email : ','EmailForm'),(61,'Email','Email','Email','EmailUser'),(62,'En Traitement','In Treatment ','aan de gang','En Traitement'),(63,'Sous-traitant','Subcontractor','Onderaannemer','EntrepriseTicket'),(64,'Etage','Floor','Verdieping','EtageTicket'),(65,'Evier bouché','Blocked sink','Verstopte gootsteen','Evier bouché'),(66,'(pour voir, modifier ou supprimer un Bâtiment)','(to view, modify or delete a Building)','(om te bekijken, wijzigen of verwijderen van een gebouw)','ExplicationBatiment'),(67,'(pour voir, modifier ou supprimer un sous-traitant)','(to view, modify or delete a subcontractor)','(om te bekijken, wijzigen of verwijderen van een onderaannemer)','ExplicationEntreprise'),(68,'(pour voir, modifier ou supprimer un locataire)','(to view, modify or delete a roomer)','(om te bekijken, wijzigen of verwijderen van een huurder)','ExplicationLocataire'),(69,'(pour voir, traiter, clôturer ou supprimer un Ticket)','(to view, process, close or remove a Ticket)','(om te bekijken, verwerken, te sluiten of verwijderen van een ticket)','ExplicationTicket'),(70,'(pour voir, modifier ou supprimer un utilisateur)','(to view, modify or delete a user)','(om te bekijken, wijzigen of verwijderen van een gebruiker)','ExplicationUtilisateur'),(71,'Fonction de l\'utilisateur','User\'s function','Gebruikersfunctie ','FonctionUser'),(72,'Fuite d\'eau au niveau du radiateur','Radiator leaking water','Waterlek in de radiator','Fuite d\'eau au niveau du radiateur'),(73,'Fuite eau','Water leak','Water Lek','Fuite eau'),(74,'Gestion de l\'application','Application Management','Application Management','GestionApplication'),(75,'Dashboard','Dashboard','Dashboard','Graphique'),(76,'HVAC','HVAC','HVAC','HVAC'),(77,'Nom du locataire','Roomer\'s name','Naam van de huurder','IdLoc'),(78,'Id du ticket','Ticket \'s Id','Id van het ticket','IdTicket'),(79,'Id Utilisateur','User\'s Id','Id van de gebruiker','IdUser'),(80,'Remplissez les champs avec vos données de connexion:','Please fill out the following form with your login credentials:','Vul het onderstaande formulier in met uw inloggegevens:','Indication'),(81,'Langage','Language','Taal','LanguageUser'),(82,'Lecteur de badge défectueux','Defective badge reader','Speler defect badge','Lecteur de badge défectueux'),(83,'Liste des Bâtiments','Building\'s list','Lijst van de gebouwen','ListBatiment'),(84,'Liste des sous-traitants','Subcontractor\'s list','Lijst van onderaannemers','ListeSousTraitant'),(85,'Liste des tickets','Tickets\' list','Overzicht van de tickets','ListeTicket'),(86,'Liste des locataires','Roomer\'s list','lijst van de huurders','ListLocataire'),(87,'Liste des utilisateurs','User\'s list','Lijst van de gebruikers','ListUtilisateur'),(88,'Local trop chaud','Room too hot','Lokaal te warm','Local trop chaud'),(89,'Local trop froid','Room too cold','Lokaal te koud','Local trop froid'),(90,'Locataire','Roommate','Huurders','LocataireTicket'),(91,'Mauvaise odeur au niveau des canalisations','Foul smell in the piping','Slechte geur in leidingen','Mauvaise odeur au niveau des canalisations'),(92,'Mot de passe: ','Password: ','Passwoord :  ','Mdp'),(93,'Mot de passe: ','Password: ','Passwoord :  ','MdpForm'),(94,'Mot de passe','Password','Passwoord','MdpLoc'),(95,'Mot de passe oublié ?','Forgot password ?','Passwoord vergeten ?\'','MdpOublie'),(96,'Mot de passe','Password','Passwoord','MdpUser'),(97,'Cloturer le ticket ','Close the ticket ','Sluit het ticket ','MenuCloseTicket'),(98,'Créer un ticket','Create a ticket','Maak een ticket','MenuCreerTicket'),(99,'Mettre en traitement','Put in progress','Zetten in uitvoering','MenuMettreEnTraitementTicket'),(100,'Modifier le ticket','Modify the ticket ','Wijzigen van een ticket ','MenuModifierTicket'),(101,'Effacer ce ticket','Delete this ticket','Verwijder dit ticket','MenuTicketDelete'),(102,'Tickets en cours de traitement','Tickets in progress','Tickets in uitvoering','MenuTicketEnCours'),(103,'Tickets cloturés','Tickets closed','Tickets gesloten','MenuTicketFerme'),(104,'Nouveaux tickets','New tickets','Nieuw ticketsTickets gesloten','MenuTicketNouveau'),(105,'Tous les tickets','All tickets','Alle tickets','MenuTicketTout'),(106,'Bienvenue sur ','Welcome on ','Welkom op ','Message'),(107,'Nettoyage','Cleaning','Schoonmaken','Nettoyage'),(108,'Nom','Name','Naam','NomLoc'),(109,'Nom','Name','Naam','NomUser'),(110,'Nouveau','New','Nieuw','Nouveau'),(111,'Panne d\'électricité','Electricity breakdown','Uitsplitsing elektriciteit','Panne d\'électricité'),(112,'Papier WC manquant','Missing toilet paper','Papier ontbrekende wc','Papier WC manquant'),(113,'par','by','bij','Par'),(114,'Parlophone / visiophone défectueux','Defective videophone','Intercom / videofoon defect','Parlophone / visiophone défectueux'),(115,'Téléphone','Phone','Telefoon','Phone'),(116,'Porte bloquée','Stuck door','Geblokkeerde deur','Porte bloquée'),(117,'Prise défectueuse','Defective plug','Defecte beslissing','Prise défectueuse'),(118,'Problème d\'accès au batiment','Building access problem','Probleem van de toegang tot het gebouw','Problème d\'accès au batiment'),(119,'Problème d\'accès au parking','Parking access problem','Probleem van de toegang tot de parkeerplaats','Problème d\'accès au parking'),(120,'Produit sanitaire manquant','Missing detergent','Sanitizer vermist','Produit sanitaire manquant'),(121,'Radiateur en panne','Broken down radiator','Radiator beneden','Radiateur en panne'),(122,'Recherche avancée','Advanced search','Geavanceerd zoeken','RechercheAvancee'),(123,'Veuillez régler les problèmes suivants','Please fix the following problems','Please fix de volgende problemen','ReglerProbleme'),(124,'Les champs avec <span class=\"required\">*</span> sont obligatoire.','Fields with <span class=\"required\">*</span> are required.','Velden met <span class=\"required\">*</span>   verplicht.','Required'),(125,'Robinetterie défectueuse','Defective plumbing','Kleppen defect','Robinetterie défectueuse'),(126,'Sanitaire','Sanitary','Sanitair','Sanitaire'),(127,'Sécurité','Security','Veiligheid','Sécurité'),(128,'Sélectionnez un bâtiment pour filtrer les résultats:','Select a building to filter results: ','Selecteer een bouwen om resultaten te filteren:  ','SelectionnerBat'),(129,'Sélectionner un bâtiment:','Select a building: ','Selecteer een gebouw: ','SelectionnerBatiment'),(130,'Sélectonner une catégorie:','Select a category: ','Selecteer een categorie: ','SelectionnerCategorie'),(131,'Se rappeler de moi','Remember me','Onthoud mij','SeSouvenir'),(132,'Sous-traitant','Subcontractors','Onderaannemers','SousTraitant'),(133,'Statut','Status','Staat','StatutTicket'),(134,'Thermostat défectueux','Defective thermostat','Defecte thermostaat','Thermostat défectueux'),(135,'Tableau de bord','Dashboard','Dashboard','TitreDashboard'),(136,'Traitement du Ticket:  ','Ticket\'s processing:  ','Behandeling van Ticket:  ','TraitementTitre'),(137,'Assigné à','Assigned to ','Gedefineerd','UserTicket'),(138,'Assign&eacute; à','Assigned to ','Gedefineerd','UserTicketCirc'),(139,'Utilisateur','User','Gebruiker','Utilisateur'),(140,'Date de mise à jour','Update date','Update datum','ViewHistoriqueDate'),(141,'Historique','History','Historie','ViewHistoriqueTitre'),(142,'Type','Type','Type','ViewHistoriqueType'),(143,'Ticket : ','Ticket : ','Ticket : ','ViewTitre'),(144,'WC bouché','Blocked WC','Verstopte WC','WC bouché'),(145,'Web','Web','Web','Web'),(146,'Vue','View','Zicht','Vue'),(148,'Français','French','Frans','Fr'),(149,'Néérlandais','Dutch','Nederlands','Nl'),(150,'Anglais','English','Engels','En'),(151,'Code de traduction','Translation code','Vertaling code','TradCode'),(153,'Options','Options','Opties','GestionCompte'),(154,'Changer mon mot de passe','Change my password','Mijn wachtwoord veranderen','ChangePassword'),(156,'Retour à la page d\'administration','Back to admin page','TranslateMe','RetourPageAdmin'),(157,'Modifier une traduction existante','Modify an existing translation','TranslateMe','ModifierTradExistante'),(159,'test','test','test','test'),(160,'Ajouter une nouvelle traduction','Add a new translation','Een nieuwe vertaling voegen','AjouterNouvelleTraduction'),(161,'Créer la nouvelle traduction','Create the new translation','Nieuwe vertaling zenden','CreerNouvelleTraduction'),(162,'Mettre à jour la traduction','Update translation','Update vertaling','UpdateTraduction'),(163,'Selectionner une sous- catégorie','Select a sub-category','Selecteer een subcategorie: ','SelectionnerSousCategorie'),(164,'Voie de cr&eacute;ation','Way of creation','Manier van de schepping','CanalTicketCirc'),(165,'Supprimer un locataire','Delete a roommate','verwijderen van een huurder','DeleteLocataire'),(166,'Gestion des locataires','Roomate management','Huurder beheer ','ManageLocataire'),(167,'Rajouter un lieu','Add a place','voeg een plek','Rajouterlieu'),(168,'Supprimer un lieu','Remove a place ','verwijderen van een plek','SupprimerLieu'),(169,'Changer les droits ','Change the rights','Rechten veranderen','ChangerDroits'),(170,'Liste des catégories','Category\'s list','Lijst van de categories','ListCategorie'),(171,'(pour voir, modifier ou supprimer une catégorie)','(to view n,modify or delete a category)','(om te bekijken, wijzigen of verwijderen van een categorie','ExplicationCategorie'),(172,'Ajouter une catégorie','Add a category','voeg een categorie','AjouterCategorie'),(173,'Ajouter une sous- catégorie','Add a subcategory','voeg een subcategorie','AjouterSousCategorie'),(174,'Changer les droits d\'un utilisateur','Change right of one user','Translate ME','ChangerDroitsUtilisateur'),(178,'Gestion des bâtiments','Manage buildings','TranslateME','ManageBatiment'),(179,'Si vous souhaitez nous poser une question, veuillez remplir le formulaire suivant, merci.','If you have business inquiries or other questions, please fill out the following form to contact us. Thank you.','Als u zakelijke of andere vragen, vul dan het onderstaande formulier in om ons te contacteren. Dank u.','contact_business_message'),(180,'Sujet','Subject','Subject','Subject'),(181,'Corps du message','Body','Inhoud van het bericht','MessageBody'),(182,'Captcha','Captcha','Captcha','TranslationCode'),(183,'Veuillez entrer les lettres telles qu\'elles sont affichées ci-dessus.<br/> Pas sensible à la casse.','Please enter the letters as they are shown in the image above.<br/>Letters are not case-sensitive.','Vul de letters zoals ze worden weergegeven in de afbeelding hierboven. <br/> Letters zijn niet hoofdlettergevoelig.','CaptchaInstruction'),(184,'Merci de nous avoir contacté. Nous ferons de notre mieux pour vous répondre dans les plus brefs délais.','Thank you for contacting us. We will respond to you as soon as possible.','Dank u voor contact met ons. Wij zullen zo spoedig mogelijk reageren.','ContactMessageSuccessAlert'),(185,'Développé par WEB3SYS','Developed by WEB3SYS','Ontwikkeld door WEB3SYS','developperTeam'),(187,'Message provenant de la page contact','Incoming message from the contact page','Inkomend bericht van de contact pagina','ContactIncomingMessageFrom');

/*Data for the table `w3sys_user` */

insert  into `w3sys_user`(`id_user`,`nom`,`email`,`password`,`fk_fonction`,`fk_langue`,`visible`) values (1,'Riduan Amar Ouaali','r@r.r','4b43b0aee35624cd95b910189b3dc231',3,2,1),(3,'Lionel','u@u.u','7b774effe4a349c6dd82ad4f4f21d34c',1,1,1),(4,'Emmanuel Capelle','capelle.e@gmail.com','e1671797c52e15f763380b45e841ec32',2,1,0),(5,'User','user','ee11cbb19052e40b07aac0ca060c23ee',1,2,1),(6,'Admin','admin','21232f297a57a5a743894a0e4a801fc3',2,2,1),(11,'rachid','rachid@r.be','0d2ece888a960b5f0351b27fea74e747',2,1,1),(12,'HServices','test@web3sys.com','7dffd33bda65d2f2f37cc5ac7a832419',2,1,1),(13,'Manager','a@a.a','0cc175b9c0f1b6a831c399e269772661',2,3,1),(14,'Root Lionel','rl@rl.rl','3e6a5bd51b64dda3437f46edd9d46bcb',3,2,1),(15,'Root Emmanuel','s@s.s','03c7c0ace395d80182db07ae2c30f034',3,2,1),(16,'Default_user','z','z',1,1,0),(17,'Desaedeleer','desaedeleerlionel@hotmail.com','800a0e21225906fe82d141def1a9202d',4,1,1),(18,'Aziz Lawrizy','def@abc.com','0cc175b9c0f1b6a831c399e269772661',4,1,1),(19,'testTransaction','t@t.t','c4ca4238a0b923820dcc509a6f75849b',4,1,1),(21,'Test Ridounet','ar@ar.ar','c582dec943ff7b743aa0691df291cea6',2,1,1),(60,'Test User','ur@ur.ur','baceebebc179d3cdb726f5cbfaa81dfe',1,2,1);

/*Data for the table `yiisession` */

insert  into `yiisession`(`id`,`expire`,`data`) values ('41gov6kegm0kjgh3lirjonqr75',1398175102,'_lang|s:2:\"nl\";NouveauTicket|s:0:\"\";Logged|O:4:\"User\":11:{s:19:\"\0CActiveRecord\0_new\";b:0;s:26:\"\0CActiveRecord\0_attributes\";a:7:{s:7:\"id_user\";s:1:\"1\";s:3:\"nom\";s:18:\"Riduan Amar Ouaali\";s:5:\"email\";s:5:\"r@r.r\";s:8:\"password\";s:0:\"\";s:11:\"fk_fonction\";s:1:\"3\";s:9:\"fk_langue\";s:1:\"2\";s:7:\"visible\";s:1:\"1\";}s:23:\"\0CActiveRecord\0_related\";a:0:{}s:17:\"\0CActiveRecord\0_c\";N;s:18:\"\0CActiveRecord\0_pk\";s:1:\"1\";s:21:\"\0CActiveRecord\0_alias\";s:1:\"t\";s:15:\"\0CModel\0_errors\";a:0:{}s:19:\"\0CModel\0_validators\";N;s:17:\"\0CModel\0_scenario\";s:6:\"update\";s:14:\"\0CComponent\0_e\";N;s:14:\"\0CComponent\0_m\";N;}Rights|O:6:\"Rights\":10:{s:13:\"\0Rights\0admin\";N;s:16:\"\0Rights\0batiment\";s:2:\"31\";s:17:\"\0Rights\0categorie\";s:3:\"107\";s:17:\"\0Rights\0dashboard\";s:1:\"1\";s:18:\"\0Rights\0entreprise\";s:2:\"31\";s:12:\"\0Rights\0lieu\";N;s:17:\"\0Rights\0locataire\";s:2:\"31\";s:14:\"\0Rights\0ticket\";s:2:\"31\";s:12:\"\0Rights\0trad\";N;s:12:\"\0Rights\0user\";s:2:\"31\";}b9311fe07bd052829a123bd4a316af5d__id|s:1:\"1\";b9311fe07bd052829a123bd4a316af5d__name|s:5:\"r@r.r\";b9311fe07bd052829a123bd4a316af5d__states|a:0:{}'),('f3osb1rrcu0r4k09gtii6vm5a0',1398175259,'_lang|s:2:\"en\";NouveauTicket|s:0:\"\";Logged|O:4:\"User\":11:{s:19:\"\0CActiveRecord\0_new\";b:0;s:26:\"\0CActiveRecord\0_attributes\";a:7:{s:7:\"id_user\";s:2:\"15\";s:3:\"nom\";s:13:\"Root Emmanuel\";s:5:\"email\";s:5:\"s@s.s\";s:8:\"password\";s:0:\"\";s:11:\"fk_fonction\";s:1:\"3\";s:9:\"fk_langue\";s:1:\"2\";s:7:\"visible\";s:1:\"1\";}s:23:\"\0CActiveRecord\0_related\";a:0:{}s:17:\"\0CActiveRecord\0_c\";N;s:18:\"\0CActiveRecord\0_pk\";s:2:\"15\";s:21:\"\0CActiveRecord\0_alias\";s:1:\"t\";s:15:\"\0CModel\0_errors\";a:0:{}s:19:\"\0CModel\0_validators\";N;s:17:\"\0CModel\0_scenario\";s:6:\"update\";s:14:\"\0CComponent\0_e\";N;s:14:\"\0CComponent\0_m\";N;}Rights|O:6:\"Rights\":10:{s:13:\"\0Rights\0admin\";N;s:16:\"\0Rights\0batiment\";s:4:\"2047\";s:17:\"\0Rights\0categorie\";s:4:\"2047\";s:17:\"\0Rights\0dashboard\";s:4:\"2047\";s:18:\"\0Rights\0entreprise\";s:4:\"2047\";s:12:\"\0Rights\0lieu\";N;s:17:\"\0Rights\0locataire\";s:4:\"2047\";s:14:\"\0Rights\0ticket\";s:4:\"2047\";s:12:\"\0Rights\0trad\";N;s:12:\"\0Rights\0user\";s:4:\"2047\";}6f93d780a68416952174c0e770709d98__id|s:2:\"15\";6f93d780a68416952174c0e770709d98__name|s:5:\"s@s.s\";6f93d780a68416952174c0e770709d98__states|a:0:{}');

/*Table structure for table `count_tickets_by_categorie_and_batiment` */

DROP TABLE IF EXISTS `count_tickets_by_categorie_and_batiment`;

/*!50001 DROP VIEW IF EXISTS `count_tickets_by_categorie_and_batiment` */;
/*!50001 DROP TABLE IF EXISTS `count_tickets_by_categorie_and_batiment` */;

/*!50001 CREATE TABLE `count_tickets_by_categorie_and_batiment` (
  `COUNT(t.id_ticket)` bigint(21) NOT NULL DEFAULT '0'
) ENGINE=InnoDB DEFAULT CHARSET=utf8 */;

/*Table structure for table `user_view` */

DROP TABLE IF EXISTS `user_view`;

/*!50001 DROP VIEW IF EXISTS `user_view` */;
/*!50001 DROP TABLE IF EXISTS `user_view` */;

/*!50001 CREATE TABLE `user_view` (
  `id_user` int(10) NOT NULL DEFAULT '0',
  `nom` varchar(64) NOT NULL,
  `email` varchar(64) NOT NULL,
  `password` varchar(32) NOT NULL,
  `fk_fonction` int(10) NOT NULL,
  `fk_langue` int(10) NOT NULL,
  `visible` tinyint(1) DEFAULT NULL,
  `label` varchar(45) NOT NULL
) ENGINE=InnoDB DEFAULT CHARSET=utf8 */;

/*View structure for view count_tickets_by_categorie_and_batiment */

/*!50001 DROP TABLE IF EXISTS `count_tickets_by_categorie_and_batiment` */;
/*!50001 DROP VIEW IF EXISTS `count_tickets_by_categorie_and_batiment` */;

/*!50001 CREATE ALGORITHM=UNDEFINED DEFINER=`root`@`%` SQL SECURITY DEFINER VIEW `count_tickets_by_categorie_and_batiment` AS (select count(`t`.`id_ticket`) AS `COUNT(t.id_ticket)` from `w3sys_ticket` `t` where ((`t`.`visible` = 1) and (`t`.`fk_batiment` = 1) and `t`.`fk_categorie` in (select `c`.`id_categorie_incident` from `w3sys_categorie_incident` `c` where (`c`.`fk_parent` = 1)))) */;

/*View structure for view user_view */

/*!50001 DROP TABLE IF EXISTS `user_view` */;
/*!50001 DROP VIEW IF EXISTS `user_view` */;

/*!50001 CREATE ALGORITHM=UNDEFINED DEFINER=`root`@`%` SQL SECURITY DEFINER VIEW `user_view` AS select `u`.`id_user` AS `id_user`,`u`.`nom` AS `nom`,`u`.`email` AS `email`,`u`.`password` AS `password`,`u`.`fk_fonction` AS `fk_fonction`,`u`.`fk_langue` AS `fk_langue`,`u`.`visible` AS `visible`,`f`.`label` AS `label` from (`w3sys_user` `u` join `w3sys_fonction` `f` on((`f`.`id_fonction` = `u`.`fk_fonction`))) */;

/*!40101 SET SQL_MODE=@OLD_SQL_MODE */;
/*!40014 SET FOREIGN_KEY_CHECKS=@OLD_FOREIGN_KEY_CHECKS */;
